Acceleration,Age,Aggression,Agility,Attacking Work Rate,Balance,Ball Control,Base Stats,Best Overall,Best Position,Composure,Contract End,Contract Start,Crossing,Curve,DEF,DRI,Defensive Work Rate,Dribbling,FK Accuracy,Finishing,Foot,GK Diving,GK Handling,GK Kicking,GK Positioning,GK Reflexes,Heading Accuracy,Height,Id,Interceptions,International Reputation,Joined,Jumping,Loan Date End,Long Passing,Long Shots,Marking,Name,Nation,Overall,PAC,PAS,PHY,Penalties,Positioning,Positions,Potential,Reactions,Release Clause,SHO,Short Passing,Shot Power,Skill Moves,Sliding Tackle,Sprint Speed,Stamina,Standing Tackle,Strength,Team,Total Attacking,Total Defending,Total Goalkeeping,Total Mentality,Total Movement,Total Power,Total Skill,Total Stats,URL,Value,Vision,Volleys,Wage,Weak Foot,Weight
82,21,69,79,High,74,72,413,76,LWB,70,2020,2017.0,73,70,72,72,Medium,71,43,43,Left,11,14,9,5,12,66,"5'10""",245279,74,1,"Jul 1, 2017",68,,65,54,72,Sergio Reguilón Rodríguez,Spain,75,81,69,69,42,67,['LB'],86,73,€22.5M,50,73,62,2,71,81,79,73,64,Real Madrid,300,216,51,317,389,327,321,1921,https://sofifa.com/player/245279/sergio-reguilon-rodriguez/19/159488/,€10M,65,45,€68K,3,150lbs
83,24,80,78,High,74,79,453,85,LWB,79,2024,2017.0,88,78,80,78,High,77,30,57,Left,11,8,10,7,14,63,"5'10""",216267,82,1,"Jul 21, 2017",62,,71,60,81,Andrew Robertson,Scotland,83,85,76,75,55,66,['LB'],88,83,€55.8M,59,77,67,3,80,86,93,83,66,Liverpool,317,244,50,360,404,348,335,2058,https://sofifa.com/player/216267/andrew-robertson/19/159488/,€29M,77,32,€110K,2,141lbs
86,22,68,85,High,86,83,456,84,LWB,81,2021,2016.0,83,85,76,84,Medium,84,82,50,Left,7,13,10,7,13,65,"5'7""",210035,80,3,"Jan 4, 2016",64,,79,79,75,Alejandro Grimaldo García,Spain,82,85,78,70,51,75,['LB'],86,82,€49.8M,63,81,79,3,79,84,86,78,63,SL Benfica,337,232,50,339,423,371,413,2165,https://sofifa.com/player/210035/alejandro-grimaldo-garcia/19/159488/,€24M,65,58,€15K,2,152lbs
82,19,50,70,Medium,66,68,371,69,LWB,66,2021,2015.0,63,41,65,67,Medium,66,42,30,Left,7,8,8,11,12,57,"6'3""",231512,63,1,"Oct 27, 2015",60,,47,30,65,Lloyd Kelly,England,68,82,54,69,44,50,"['CB', 'LB']",84,60,€4.3M,34,64,40,3,64,82,74,68,74,Bristol City,243,197,46,248,360,278,264,1636,https://sofifa.com/player/231512/lloyd-kelly/19/159488/,€1.7M,41,29,€6K,3,154lbs
77,23,75,68,High,70,79,446,82,LWB,79,2022,2017.0,87,80,78,78,Low,80,34,33,Left,7,7,9,15,9,65,"6'1""",204884,79,2,"Jul 24, 2017",71,,69,65,78,Benjamin Mendy,France,81,82,77,79,50,77,['LB'],86,80,€38.5M,52,80,79,3,81,86,79,79,81,Manchester City,296,238,47,357,381,375,342,2036,https://sofifa.com/player/204884/benjamin-mendy/19/159488/,€20M,76,31,€105K,3,187lbs
89,25,73,76,High,75,78,442,81,LWB,78,2021,2017.0,84,59,73,80,Medium,82,42,48,Left,13,9,15,7,14,54,"5'11""",200536,74,1,"Jul 8, 2017",62,,72,40,74,Nico Schulz,Germany,81,88,74,75,56,73,"['LB', 'LM', 'LWB']",82,80,€30.2M,52,79,65,3,77,88,79,77,76,TSG 1899 Hoffenheim,314,228,58,346,408,322,333,2009,https://sofifa.com/player/200536/nico-schulz/19/159488/,€17M,70,49,€40K,2,172lbs
84,25,78,73,High,70,82,477,86,LWB,80,2021,2016.0,89,87,80,81,Medium,82,79,65,Left,13,8,12,11,14,74,"5'11""",212462,80,3,"Jul 13, 2016",81,,86,75,80,Alex Nicolao Telles,Brazil,84,85,83,77,76,76,['LB'],86,83,€64.3M,71,83,80,3,79,85,92,81,68,FC Porto,378,240,58,384,395,396,416,2267,https://sofifa.com/player/212462/alex-nicolao-telles/19/159488/,€31M,74,67,€22K,2,157lbs
79,21,74,70,High,72,78,425,79,LWB,73,2024,2015.0,75,65,75,77,High,78,66,43,Left,10,7,14,7,10,67,"5'10""",229984,74,1,"Aug 26, 2015",81,,69,38,74,Ben Chilwell,England,78,79,70,75,52,72,['LB'],85,74,€26.3M,49,73,69,3,80,79,86,76,70,Leicester City,300,230,48,336,374,344,356,1988,https://sofifa.com/player/229984/ben-chilwell/19/159488/,€12.5M,64,42,€43K,3,170lbs
83,23,65,75,High,72,80,420,78,LWB,72,2022,2018.0,78,53,74,78,Medium,78,71,43,Left,8,15,8,7,14,60,"5'9""",210736,78,2,"Jan 30, 2018",67,,66,77,76,Emerson Palmieri dos Santos,Italy,77,80,68,61,55,75,"['LB', 'LM']",83,77,€20.5M,59,75,80,3,73,78,74,74,52,Chelsea,300,223,52,324,385,350,348,1982,https://sofifa.com/player/210736/emerson-palmieri-dos-santos/19/159488/,€10M,51,44,€68K,3,170lbs
76,32,81,74,High,62,83,452,86,LWB,88,2019,2015.0,86,74,81,78,Medium,77,75,59,Left,11,15,9,9,5,72,"6'0""",164169,84,3,"Jul 28, 2015",69,,77,60,78,Filipe Luís Kasmirski,Brazil,85,75,78,78,65,71,['LB'],85,85,€44.1M,62,80,71,3,86,75,89,84,73,Atlético Madrid,353,248,49,371,372,362,386,2141,https://sofifa.com/player/164169/filipe-luis-kasmirski/19/159488/,€21.5M,70,56,€81K,3,163lbs
86,23,73,83,High,83,81,447,82,LWB,76,2023,2012.0,79,80,73,81,Medium,79,49,61,Left,13,10,9,12,9,52,"5'8""",211688,74,2,"Sep 13, 2012",54,,75,59,72,José Luís Gayà Peña,Spain,80,87,76,69,52,74,['LB'],85,85,€35.9M,61,81,62,4,82,87,83,78,61,Valencia CF,331,232,53,345,424,319,364,2068,https://sofifa.com/player/211688/jose-luis-gaya-pena/19/159488/,€16.5M,72,58,€33K,3,146lbs
93,29,77,90,High,85,84,478,88,LWB,82,2024,2012.0,87,80,80,83,Medium,80,63,73,Left,13,15,13,6,13,70,"5'7""",189332,84,3,"Jul 1, 2012",81,,74,66,74,Jordi Alba Ramos,Spain,87,93,80,73,59,80,['LB'],87,83,€77.9M,69,84,64,3,84,93,91,84,61,FC Barcelona,374,242,60,376,444,363,381,2240,https://sofifa.com/player/189332/jordi-alba-ramos/19/159488/,€38M,76,60,€250K,3,150lbs
71,25,93,58,High,55,74,443,80,LWB,72,2022,2017.0,82,61,74,71,Medium,73,25,59,Left,15,9,16,7,9,74,"6'0""",207993,73,2,"Jul 1, 2017",76,,62,58,70,Sead Kolašinac,Bosnia Herzegovina,80,75,72,88,44,74,"['LB', 'LWB']",83,77,€30.6M,63,79,82,3,76,79,82,77,90,Arsenal,349,223,56,358,340,388,295,2009,https://sofifa.com/player/207993/sead-kolasinac/19/159488/,€15.5M,74,55,€94K,2,187lbs
82,20,65,76,Medium,78,72,399,71,LWB,66,2019,2017.0,70,64,65,72,Medium,70,39,52,Left,14,14,14,10,8,57,"5'9""",246113,66,1,"Jul 1, 2017",63,,64,51,64,Adrià Giner Pedrosa,Spain,70,83,63,63,38,66,['LB'],83,68,€8.2M,53,66,57,3,67,83,68,66,59,RCD Espanyol,291,197,60,292,387,298,309,1834,https://sofifa.com/player/246113/adria-giner-pedrosa/19/159488/,€3M,57,46,€9K,3,152lbs
82,22,67,73,Medium,76,69,378,72,LWB,63,2022,2015.0,68,57,68,70,Medium,70,42,30,Left,14,14,10,14,9,55,"5'9""",222160,67,1,"Jan 27, 2015",61,,50,34,69,Youssouf Koné,Mali,71,81,59,66,46,53,['LB'],80,67,€6.5M,34,70,36,3,71,80,68,70,66,LOSC Lille,251,210,61,274,378,265,288,1727,https://sofifa.com/player/222160/youssouf-kone/19/159488/,€3.1M,41,28,€15K,3,157lbs
85,25,83,84,High,87,79,438,77,LWB,63,2019,2014.0,78,59,70,78,Low,76,40,59,Left,10,14,9,10,11,61,"5'7""",205566,70,2,"Aug 16, 2014",86,,64,74,67,Alberto Moreno Pérez,Spain,76,86,68,71,54,69,['LB'],78,72,€14.4M,65,74,80,3,76,87,78,73,61,Liverpool,307,216,54,334,415,379,318,2023,https://sofifa.com/player/205566/alberto-moreno-perez/19/159488/,€7.5M,58,35,€71K,3,143lbs
77,21,69,72,Medium,76,75,420,75,LWB,58,2022,2018.0,77,68,68,75,Medium,75,49,59,Left,14,13,16,11,14,61,"5'9""",225426,71,1,"Jan 1, 2018",64,,67,61,67,Guilherme Arana Lopes,Brazil,74,78,70,68,52,66,"['LB', 'LM']",81,75,€18.4M,61,75,69,3,70,78,76,70,64,Sevilla FC,319,207,68,319,378,334,334,1959,https://sofifa.com/player/225426/guilherme-arana-lopes/19/159488/,€8M,61,47,€11K,2,150lbs
89,23,74,78,High,79,80,453,79,LWB,76,2019,2016.0,79,53,71,80,Medium,80,46,54,Left,8,7,14,15,9,62,"5'10""",207537,77,2,"Jul 22, 2016",74,,66,66,66,Jordan Lukaku,Belgium,77,91,70,80,53,61,"['LB', 'LM']",81,78,€20.4M,61,74,76,4,72,93,76,74,84,Lazio,326,212,53,333,417,376,325,2042,https://sofifa.com/player/207537/jordan-lukaku/19/159488/,€11.5M,68,57,€39K,4,190lbs
85,20,54,84,High,77,74,385,72,LWB,63,2021,2016.0,74,54,62,74,Medium,73,32,25,Left,12,7,8,15,9,42,"5'10""",233476,57,1,"Jul 1, 2016",73,,57,48,71,Blas Riveros,Paraguay,69,84,58,71,40,66,"['LB', 'LM', 'LWB']",81,66,€2.8M,36,66,44,3,63,84,84,62,72,FC Basel 1893,232,196,51,251,396,321,290,1737,https://sofifa.com/player/233476/blas-riveros/19/159488/,€1.6M,34,25,€8K,3,154lbs
69,17,53,59,High,70,56,324,60,LWB,46,2019,2018.0,53,41,60,59,Medium,60,31,36,Left,12,13,12,10,8,53,"5'10""",246666,60,1,"Dec 1, 2018",57,,45,32,60,Noah Katterbach,Germany,60,67,48,52,41,43,['LWB'],83,51,€1M,38,58,46,2,61,65,57,62,48,1. FC Köln,231,183,55,230,314,240,233,1486,https://sofifa.com/player/246666/noah-katterbach/19/159488/,€400K,33,31,€1K,2,161lbs
86,27,72,85,High,75,76,436,78,LWB,70,2019,2016.0,74,60,71,78,Medium,78,34,50,Left,7,15,13,9,7,67,"5'8""",214040,72,1,"Jan 24, 2016",86,,57,54,66,Frank Fabra,Colombia,77,87,64,81,55,71,['LB'],77,71,€10.5M,55,73,67,3,76,88,89,75,81,Boca Juniors,297,217,51,324,405,377,305,1976,https://sofifa.com/player/214040/frank-fabra/19/159488/,€7.5M,54,33,€22K,3,159lbs
74,26,64,68,Medium,74,78,427,79,LWB,68,2023,2014.0,87,87,74,75,Medium,75,89,43,Left,15,6,15,13,16,60,"5'11""",192557,72,2,"Jul 1, 2014",72,,69,55,76,Marvin Plattenhardt,Germany,77,74,77,72,61,67,"['LB', 'LM']",78,77,€15.1M,55,78,79,3,77,74,76,78,73,Hertha BSC,322,231,65,329,367,355,398,2067,https://sofifa.com/player/192557/marvin-plattenhardt/19/159488/,€8.5M,65,54,€26K,2,168lbs
68,21,69,69,Medium,63,73,388,73,LWB,63,2021,2018.0,72,62,71,70,Medium,69,35,40,Left,9,14,14,8,8,59,"5'11""",224921,74,1,"Aug 9, 2018",71,,56,42,71,Adrián Marín Gómez,Spain,72,69,64,69,38,51,['LB'],81,69,€9.5M,45,73,60,3,76,69,62,72,72,Deportivo Alavés,292,219,53,285,338,307,295,1789,https://sofifa.com/player/224921/adrian-marin-gomez/19/159488/,€4.1M,53,48,€11K,2,161lbs
91,24,74,83,High,67,75,438,77,LWB,69,2023,2017.0,76,68,71,77,Medium,78,47,52,Left,7,11,7,9,9,60,"5'11""",229148,68,1,"Aug 9, 2017",59,,68,60,72,Dalbert Chagas Estevão,Brazil,76,91,70,71,42,72,['LB'],79,68,€14.2M,58,72,72,3,74,91,80,74,67,Inter,312,220,43,322,400,338,336,1971,https://sofifa.com/player/229148/dalbert-chagas-estevao/19/159488/,€8M,66,52,€41K,3,154lbs
79,27,87,74,Medium,80,80,451,83,LWB,76,2021,2007.0,81,64,80,80,High,80,57,57,Left,10,11,8,13,13,62,"5'9""",169595,81,3,"Jul 1, 2007",75,,66,67,81,Danny Rose,England,81,78,74,77,57,72,"['LB', 'LWB']",81,82,€26.8M,62,77,68,3,83,77,79,83,72,Tottenham Hotspur,341,247,55,370,392,361,347,2113,https://sofifa.com/player/169595/danny-rose/19/159488/,€14.5M,73,64,€92K,3,168lbs
89,25,75,74,High,61,79,448,78,LWB,70,2022,2018.0,79,74,71,77,Low,78,68,62,Left,13,8,14,9,15,55,"6'1""",214026,72,1,"Jul 2, 2018",73,,70,61,67,Johan Mojica,Colombia,78,90,74,71,67,69,"['LB', 'LM', 'LWB']",81,70,€22.8M,65,78,80,3,79,90,70,78,70,Girona FC,317,224,59,348,384,354,369,2055,https://sofifa.com/player/214026/johan-mojica/19/159488/,€10.5M,65,43,€28K,2,161lbs
77,24,82,72,High,78,77,423,80,LWB,73,2023,2019.0,78,62,78,75,High,74,54,43,Right,7,10,12,10,6,70,"5'7""",210455,80,2,"Jan 31, 2019",75,,59,45,77,Jonathan Castro Otto,Spain,79,78,69,73,46,65,['LWB'],83,72,€26.7M,50,74,68,4,82,78,83,80,64,Wolverhampton Wanderers,309,239,45,339,377,335,326,1970,https://sofifa.com/player/210455/jonathan-castro-otto/19/159488/,€13.5M,66,44,€59K,3,154lbs
73,25,71,77,Medium,73,71,425,73,LWB,67,2019,2016.0,69,63,70,72,Low,72,65,69,Left,11,14,10,9,14,59,"5'10""",215076,76,1,"Jul 23, 2016",73,,69,75,65,Lorenzo Faravelli,Argentina,71,75,68,70,67,68,"['CDM', 'CM']",74,69,€4.6M,70,71,69,3,68,76,72,75,68,Gimnasia y Esgrima La Plata,327,208,58,345,368,357,340,2003,https://sofifa.com/player/215076/lorenzo-faravelli/19/159488/,€2.9M,63,59,€10K,3,161lbs
66,18,59,63,Medium,57,69,370,66,LWB,53,2023,2017.0,71,65,59,66,Medium,66,41,45,Left,14,9,12,10,8,57,"6'1""",241470,59,1,"Jul 1, 2017",64,,70,42,55,Alejandro Centelles Plaza,Spain,64,68,65,64,48,53,"['LB', 'LWB']",77,57,€1.9M,48,68,58,3,62,70,66,62,65,Valencia CF,292,179,53,273,313,295,311,1716,https://sofifa.com/player/241470/alejandro-centelles-plaza/19/159488/,€700K,54,51,€3K,3,148lbs
86,21,72,77,Medium,76,71,417,74,LWB,70,2024,2019.0,71,68,66,75,Medium,77,56,48,Left,5,5,14,13,7,60,"5'11""",231355,62,1,"Jan 23, 2019",80,,56,56,67,Ayrton Lucas Dantas de Medeiros,Brazil,72,84,63,76,44,59,['LB'],83,70,€10.7M,53,68,66,3,68,83,89,69,70,Spartak Moscow,293,204,44,291,392,361,328,1913,https://sofifa.com/player/231355/ayrton-lucas-dantas-de-medeiros/19/159488/,€4.7M,54,46,€1K,2,159lbs
78,19,74,80,High,83,65,389,72,LWB,62,2021,2019.0,72,67,69,69,High,67,38,33,Left,15,14,10,15,9,53,"5'6""",232708,68,1,"Jan 1, 2019",73,,54,47,70,Milton Valenzuela,Argentina,71,76,64,68,54,58,['LB'],81,67,€5.4M,43,65,56,3,71,74,76,73,62,Columbus Crew SC,256,214,63,321,382,314,291,1841,https://sofifa.com/player/232708/milton-valenzuela/19/159488/,€3.2M,67,33,€2K,2,146lbs
79,24,72,77,High,74,77,428,79,LWB,71,2022,2015.0,87,80,70,75,Medium,73,74,43,Left,15,12,11,8,11,59,"5'10""",212187,71,1,"Aug 4, 2015",66,,74,46,69,Philipp Max,Germany,77,82,77,72,41,62,"['LB', 'LM', 'LWB']",80,77,€17.8M,52,76,81,3,74,85,85,72,66,FC Augsburg,308,215,57,316,392,344,378,2010,https://sofifa.com/player/212187/philipp-max/19/159488/,€9.5M,70,43,€20K,3,170lbs
82,21,72,76,Medium,77,73,385,72,LWB,64,2022,2017.0,73,32,67,70,Medium,67,29,27,Left,10,13,9,8,14,54,"5'9""",237642,61,1,"Feb 2, 2017",68,,65,28,70,Raoul Petretta,Italy,71,79,63,70,40,59,['LB'],80,64,€5.4M,36,68,57,3,68,76,75,72,67,FC Basel 1893,263,210,54,291,375,295,266,1754,https://sofifa.com/player/237642/raoul-petretta/19/159488/,€3.2M,59,41,€11K,3,154lbs
78,21,65,79,High,78,75,411,75,LWB,73,2021,2017.0,75,67,71,75,Medium,74,50,46,Left,12,12,13,8,12,67,"5'10""",237211,73,1,"Jan 1, 2017",75,,65,46,71,Yuri Oliveira Ribeiro,Portugal,74,77,70,67,41,70,['LB'],79,74,€13.5M,51,73,66,3,71,77,71,71,64,SL Benfica,314,213,57,317,386,322,331,1940,https://sofifa.com/player/237211/yuri-oliveira-ribeiro/19/159488/,€6.5M,68,53,€7K,3,163lbs
92,20,76,91,High,88,65,391,69,LWB,64,2021,2016.0,63,48,63,71,High,69,39,40,Left,13,12,12,6,12,35,"5'7""",224494,64,1,"Aug 31, 2016",84,,50,34,65,Rico Henry,England,69,91,59,67,43,57,"['LB', 'LWB']",79,64,€3.1M,40,67,43,3,65,90,66,68,62,Brentford,238,198,55,294,425,289,271,1770,https://sofifa.com/player/224494/rico-henry/19/159488/,€1.5M,54,33,€13K,2,146lbs
78,30,69,83,Medium,81,78,436,81,LWB,82,2021,2018.0,82,83,75,78,Medium,77,52,51,Left,16,15,15,7,7,69,"5'10""",230347,77,1,"Jan 1, 2018",71,,71,53,70,Welington Kauê Dano Nascimento,Brazil,80,79,76,74,61,72,"['LB', 'LM']",80,80,€20M,54,78,55,4,81,80,89,77,68,Cruzeiro,327,228,60,354,402,336,361,2068,https://sofifa.com/player/230347/welington-kaue-dano-nascimento/19/159488/,€10.5M,75,47,€34K,4,152lbs
88,27,73,88,High,89,76,428,80,LWB,73,2022,2018.0,79,68,73,79,Medium,79,66,27,Left,13,5,9,8,14,60,"5'7""",204614,77,2,"Jan 6, 2018",92,,72,73,71,Mário Rui Silva Duarte,Portugal,79,85,73,69,60,59,['LB'],79,78,€17.9M,49,76,69,3,76,83,91,76,54,Napoli,295,223,49,333,426,379,361,2066,https://sofifa.com/player/204614/mario-rui-silva-duarte/19/159488/,€10.5M,64,53,€60K,3,148lbs
79,18,63,68,High,89,65,351,65,LWB,60,2019,2018.0,65,55,58,65,Medium,62,36,42,Left,9,6,12,9,11,44,"5'7""",246606,62,1,"Jul 1, 2018",60,,49,45,60,Francisco José García Torres,Spain,64,79,56,49,39,49,"['LB', 'LW']",79,62,€2.2M,44,57,47,2,59,79,66,58,34,Real Madrid,247,177,47,267,377,252,267,1634,https://sofifa.com/player/246606/francisco-jose-garcia-torres/19/159488/,€825K,54,39,€9K,3,139lbs
76,20,48,74,High,74,68,393,72,LWB,76,2023,2016.0,63,56,68,69,Medium,69,40,50,Left,14,7,5,5,13,52,"5'10""",231292,68,1,"Jul 1, 2016",72,,61,44,72,Jamal Lewis,Northern Ireland,71,79,60,66,38,67,['LB'],82,62,€7.5M,51,65,60,3,67,82,86,71,62,Norwich City,269,210,44,275,368,324,294,1784,https://sofifa.com/player/231292/jamal-lewis/19/159488/,€3.6M,54,39,€12K,3,154lbs
79,22,72,80,High,84,69,407,72,LWB,66,2020,2017.0,78,80,65,69,Medium,66,78,56,Left,15,12,12,13,7,58,"5'8""",224423,64,1,"Jul 1, 2017",67,,57,70,65,Maximilian Wittek,Germany,70,78,65,68,42,59,"['LB', 'LWB']",78,63,€3.9M,62,67,77,3,69,77,82,65,59,SpVgg Greuther Fürth,315,199,59,286,383,355,350,1947,https://sofifa.com/player/224423/maximilian-wittek/19/159488/,€2.2M,49,56,€5K,2,154lbs
73,25,82,67,High,63,68,414,76,LWB,67,2022,2012.0,80,75,71,70,Medium,72,68,38,Left,9,15,9,8,14,57,"6'0""",209846,72,2,"Jul 1, 2012",53,,59,49,69,Christian Günter,Germany,75,80,67,78,44,62,"['LB', 'LWB']",76,71,€12.2M,48,69,70,3,74,86,85,75,76,SC Freiburg,283,218,55,314,360,333,342,1905,https://sofifa.com/player/209846/christian-gunter/19/159488/,€6.5M,54,39,€20K,2,183lbs
89,24,71,70,High,69,69,397,75,LWB,62,2022,2018.0,71,30,71,72,Medium,74,31,36,Right,16,11,13,10,9,66,"5'11""",209818,70,1,"Jul 1, 2018",59,,61,31,71,Joshua Brenet,Netherlands,75,87,61,70,56,58,"['LB', 'LWB', 'RB', 'RWB']",77,73,€11.5M,36,68,30,3,76,85,79,70,66,TSG 1899 Hoffenheim,276,217,59,311,386,265,265,1779,https://sofifa.com/player/209818/joshua-brenet/19/159488/,€6.5M,56,35,€24K,3,163lbs
77,24,67,76,High,72,75,429,78,LWB,73,2022,2017.0,79,75,71,74,Medium,73,70,55,Left,10,12,10,15,8,56,"5'11""",212678,72,1,"Jul 1, 2017",69,,75,59,71,Ludwig Augustinsson,Sweden,76,78,75,72,62,65,['LB'],81,72,€15.1M,59,74,69,3,76,79,89,75,65,SV Werder Bremen,318,222,55,339,376,351,368,2029,https://sofifa.com/player/212678/ludwig-augustinsson/19/159488/,€8.5M,73,54,€21K,2,159lbs
83,28,56,77,High,78,76,432,78,LWB,74,2023,2014.0,80,82,70,76,Low,75,59,62,Left,15,13,7,10,15,49,"5'10""",204757,74,1,"Aug 26, 2014",66,,66,61,71,Antonio García Aranda,Spain,76,84,73,67,62,72,"['LB', 'LM']",76,75,€12.6M,62,76,65,3,73,84,82,72,64,Levante UD,319,216,60,332,397,338,358,2020,https://sofifa.com/player/204757/antonio-garcia-aranda/19/159488/,€6M,68,52,€22K,3,152lbs
77,33,75,77,High,76,82,452,80,LWB,81,2019,2016.0,81,84,77,81,Medium,81,69,59,Left,13,15,10,15,14,63,"5'8""",164082,78,2,"Jul 29, 2016",75,,77,87,78,Adriano Correia Claro,Brazil,78,75,77,71,59,77,"['LB', 'RB']",78,79,€7.6M,71,79,87,4,78,73,74,79,67,Beşiktaş JK,335,235,67,358,382,390,393,2160,https://sofifa.com/player/164082/adriano-correia-claro/19/159488/,€4M,69,53,€45K,5,165lbs
87,27,85,81,High,85,76,452,78,LWB,65,2020,2017.0,74,66,72,77,High,75,57,55,Left,10,16,7,15,14,50,"5'7""",188337,74,1,"Jul 17, 2017",85,,71,69,77,Mubarak Wakaso,Ghana,75,87,72,79,36,71,"['CM', 'LM']",75,77,€14.7M,65,76,85,3,72,87,81,73,74,Deportivo Alavés,331,222,62,337,417,394,345,2108,https://sofifa.com/player/188337/mubarak-wakaso/19/159488/,€7M,71,76,€22K,2,159lbs
71,17,62,74,Medium,81,59,338,59,LWB,53,2021,2017.0,53,51,54,61,Medium,58,43,31,Left,8,8,13,12,7,54,"5'10""",244565,53,1,"Jul 10, 2017",61,,58,36,53,Ethan Erhahon,Scotland,59,68,55,61,46,54,"['LB', 'LWB']",80,55,€825K,39,60,54,2,56,65,66,54,58,St. Mirren,236,163,48,267,346,275,269,1604,https://sofifa.com/player/244565/ethan-erhahon/19/159488/,€300K,52,38,€1K,3,146lbs
69,19,47,68,High,69,65,341,63,LWB,45,2021,2018.0,67,59,55,64,Medium,62,58,39,Left,13,8,7,14,8,38,"5'9""",240451,53,1,"Jul 4, 2018",62,,52,35,56,Jan Niklas Beste,Germany,61,68,57,56,38,46,['LB'],77,59,€1.1M,41,62,52,3,59,67,66,58,53,SV Werder Bremen,243,173,50,225,332,268,296,1587,https://sofifa.com/player/240451/jan-niklas-beste/19/159488/,€475K,41,37,€2K,3,141lbs
82,21,69,72,Medium,79,70,394,73,LWB,53,2020,2018.0,70,47,65,71,High,71,35,32,Left,7,14,15,10,9,48,"5'7""",234100,69,1,"Jan 24, 2018",76,,60,56,60,Gonzalo Escobar,Argentina,72,81,64,74,47,48,['LB'],80,65,€6.7M,39,71,34,3,71,81,83,71,72,Club Atlético Colón,250,202,55,292,379,321,283,1782,https://sofifa.com/player/234100/gonzalo-escobar/19/159488/,€3.9M,59,29,€7K,2,154lbs
87,21,63,86,High,90,67,392,69,LWB,60,2020,2014.0,65,55,63,71,Medium,69,37,43,Left,8,8,7,9,11,48,"5'10""",229640,63,1,"Sep 29, 2014",91,,62,34,66,Mads Valentin Pedersen,Denmark,69,86,62,66,41,62,"['LB', 'LM', 'LWB']",78,60,€2M,44,65,52,3,60,85,81,65,57,FC Nordsjælland,267,191,43,289,408,315,290,1803,https://sofifa.com/player/229640/mads-valentin-pedersen/19/159488/,€1.4M,60,46,€5K,3,163lbs
86,27,69,88,High,76,72,424,74,LWB,70,2022,2018.0,69,69,66,75,Medium,74,64,54,Left,13,11,9,8,8,42,"5'9""",218540,65,1,"Jan 2, 2018",70,,64,62,68,Ambroise Oyongo,Cameroon,74,86,67,71,59,68,"['LB', 'LWB']",75,76,€9.9M,59,67,68,3,70,86,85,72,65,Montpellier HSC,277,210,49,329,412,350,343,1970,https://sofifa.com/player/218540/ambroise-oyongo/19/159488/,€5M,68,45,€20K,2,154lbs
79,24,89,78,High,89,74,430,76,LWB,64,2023,2018.0,76,72,70,75,Medium,73,71,53,Left,10,6,6,11,11,70,"5'6""",211385,70,1,"Jul 1, 2018",81,,63,67,69,Riza Durmisi,Denmark,75,81,72,70,40,60,"['LB', 'LWB']",80,71,€13.3M,62,74,85,3,70,83,84,72,55,Lazio,327,211,44,331,400,372,353,2038,https://sofifa.com/player/211385/riza-durmisi/19/159488/,€7.5M,72,54,€31K,3,148lbs
83,23,68,84,High,85,71,390,73,LWB,72,Ecuador Free,,73,48,65,73,Medium,72,41,32,Left,7,11,11,16,12,52,"5'9""",205207,64,1,"Jan 25, 2017",83,,58,39,66,Cristian Ramírez,Ecuador,72,81,62,69,47,52,['LB'],77,68,€0,40,70,53,3,70,79,85,67,60,,268,203,57,279,399,320,290,1816,https://sofifa.com/player/205207/cristian-ramirez/19/159488/,€0,48,41,€0,3,172lbs
84,22,70,84,High,82,73,406,72,LWB,67,2019,2015.0,71,70,65,74,Medium,73,62,53,Left,13,12,6,7,13,48,"5'9""",206463,66,1,"Aug 28, 2015",79,,58,52,65,Jeremy Dudziak,Germany,70,81,67,63,59,62,"['CDM', 'LB', 'RB']",75,67,€3.3M,56,70,64,3,66,78,77,68,51,FC St. Pauli,300,199,51,320,395,323,336,1924,https://sofifa.com/player/206463/jeremy-dudziak/19/159488/,€2M,63,58,€8K,3,154lbs
68,30,72,69,Medium,71,74,410,75,LWB,68,2021,2018.0,76,62,74,71,Medium,70,55,48,Left,10,8,14,13,10,60,"6'1""",201139,76,2,"Jul 2, 2018",69,,66,60,76,Ivan Strinić,Croatia,74,68,67,74,61,66,['LB'],74,70,€6.9M,56,70,68,3,74,68,73,76,75,Milan,304,226,55,333,346,345,327,1936,https://sofifa.com/player/201139/ivan-strinic/19/159488/,€4.1M,58,50,€56K,4,172lbs
64,29,75,65,High,62,73,419,76,LWB,73,2020,2017.0,79,61,74,71,Medium,72,70,50,Left,12,14,7,6,10,68,"6'1""",189390,71,2,"Jul 15, 2017",72,,71,64,73,Bastian Oczipka,Germany,75,69,71,75,70,64,"['LB', 'LM', 'LWB']",75,75,€8.5M,59,74,75,2,76,73,77,77,75,FC Schalke 04,318,226,49,340,339,363,347,1982,https://sofifa.com/player/189390/bastian-oczipka/19/159488/,€5M,60,47,€26K,2,187lbs
77,28,73,73,High,69,78,422,79,LWB,76,2021,2015.0,80,74,76,76,Medium,77,66,50,Left,11,13,15,10,15,68,"5'10""",169705,76,2,"Feb 2, 2015",70,,70,54,73,Ryan Bertrand,England,78,76,70,71,52,63,"['LB', 'LWB']",78,76,€15.2M,53,76,59,3,80,76,73,81,70,Southampton,317,234,64,315,371,326,365,1992,https://sofifa.com/player/169705/ryan-bertrand/19/159488/,€8M,51,43,€48K,3,187lbs
71,18,69,58,Medium,85,66,356,68,LWB,62,2023,2016.0,64,36,65,67,Medium,68,27,25,Left,7,10,9,7,9,53,"5'7""",245065,65,1,"Feb 2, 2016",67,,59,30,65,Diego Palacios,Ecuador,67,72,59,63,37,57,['LB'],76,63,€1.5M,30,65,36,3,66,73,66,68,58,Willem II,232,199,42,286,350,257,256,1622,https://sofifa.com/player/245065/diego-palacios/19/159488/,€900K,58,25,€1K,2,148lbs
85,22,70,77,High,75,76,418,76,LWB,77,2022,2018.0,72,73,70,77,Medium,78,32,43,Left,8,5,5,11,8,60,"5'9""",235634,72,1,"Jul 1, 2018",69,,64,46,67,Ghislain Konan,Ivory Coast,75,82,68,73,41,70,['LB'],81,74,€16.5M,48,71,57,3,69,79,90,75,66,Stade de Reims,304,211,37,321,390,328,323,1914,https://sofifa.com/player/235634/ghislain-konan/19/159488/,€7.5M,68,58,€14K,3,157lbs
74,23,67,68,Medium,81,75,417,75,LWB,70,2022,2017.0,77,72,71,74,Medium,75,68,45,Left,6,9,6,7,10,64,"5'7""",234930,70,1,"Jul 1, 2017",81,,72,69,70,Pedro Miguel Braga Rebocho,Portugal,74,74,69,71,53,63,['LB'],81,69,€14.3M,58,75,78,3,74,74,74,75,70,En Avant de Guingamp,310,219,38,302,366,372,362,1969,https://sofifa.com/player/234930/pedro-miguel-braga-rebocho/19/159488/,€6.5M,49,49,€16K,2,163lbs
74,24,75,71,Medium,66,70,385,74,LWB,61,2022,2017.0,70,71,69,72,Medium,75,60,33,Left,12,5,6,7,14,44,"5'10""",231507,70,1,"Aug 8, 2017",73,,44,34,72,Alexis Soto,Argentina,72,75,62,71,38,41,['LB'],77,65,€5.1M,36,69,44,3,74,76,85,73,62,Racing Club,253,219,44,279,352,298,320,1765,https://sofifa.com/player/231507/alexis-soto/19/159488/,€3.5M,55,37,€12K,2,157lbs
66,19,59,67,High,74,61,336,62,LWB,57,2022,2017.0,59,47,57,62,Medium,62,49,27,Left,13,13,9,12,11,41,"5'10""",232759,59,1,"Jul 5, 2017",58,,46,52,57,Josh Tymon,England,61,67,52,60,40,39,"['LB', 'LWB']",78,53,€1.2M,38,57,48,2,60,68,67,61,58,Stoke City,212,178,58,238,328,283,265,1562,https://sofifa.com/player/232759/josh-tymon/19/159488/,€475K,41,28,€3K,3,163lbs
78,25,67,79,Medium,83,75,439,77,LWB,68,2023,2018.0,63,69,74,78,Medium,80,52,63,Left,15,10,9,7,14,58,"5'9""",225474,80,1,"Jul 10, 2018",71,,72,69,68,Sidcley Ferreira Pereira,Brazil,75,80,70,72,59,74,"['LB', 'LM']",76,76,€17.4M,65,75,69,3,75,81,80,80,71,Dynamo Kyiv,307,223,55,349,397,360,348,2039,https://sofifa.com/player/225474/sidcley-ferreira-pereira/19/159488/,€8M,69,48,€1K,3,165lbs
78,23,70,68,Medium,66,75,437,76,LWB,60,2020,2017.0,78,70,71,75,High,77,58,62,Left,7,16,15,16,10,66,"6'0""",223697,68,1,"Jul 1, 2017",91,,70,66,74,Robin Gosens,Germany,75,79,71,76,50,74,"['LB', 'LM']",80,72,€16M,65,73,72,3,70,79,79,72,75,Atalanta,339,216,64,326,363,383,350,2041,https://sofifa.com/player/223697/robin-gosens/19/159488/,€9M,64,60,€22K,3,168lbs
78,23,68,70,High,71,71,417,74,LWB,65,2022,2018.0,74,72,69,72,Medium,72,70,53,Left,11,13,16,14,6,59,"5'10""",218936,69,1,"Jul 6, 2018",64,,65,70,68,Luís Rafael Soares Alves,Portugal,73,76,70,68,34,71,['LB'],80,74,€10.9M,62,71,79,3,73,75,75,72,64,Vitória Guimarães,317,213,60,307,368,352,350,1967,https://sofifa.com/player/218936/luis-rafael-soares-alves/19/159488/,€4.7M,65,60,€7K,3,157lbs
87,24,87,78,High,77,78,427,79,LWB,72,2021,2014.0,78,66,72,78,Medium,79,75,37,Left,8,12,6,14,14,53,"5'10""",216466,75,2,"Jul 1, 2014",68,,65,59,72,Wendell Nascimento Borges,Brazil,77,83,73,72,67,69,['LB'],80,75,€16.9M,49,77,60,4,80,79,77,75,64,Bayer 04 Leverkusen,274,227,54,367,396,328,363,2009,https://sofifa.com/player/216466/wendell-nascimento-borges/19/159488/,€9.5M,69,29,€43K,2,159lbs
78,24,75,65,Medium,66,63,392,70,LWB,58,2019,2013.0,69,54,65,63,Medium,62,64,40,Left,9,10,12,13,16,53,"6'0""",208324,67,1,"Jul 1, 2013",69,,59,49,66,Pierre-Yves Polomat,France,69,78,63,75,47,56,['LB'],73,62,€2.2M,48,65,68,2,68,78,77,64,75,AS Saint-Étienne,259,198,60,302,349,338,302,1808,https://sofifa.com/player/208324/pierre-yves-polomat/19/159488/,€1.1M,57,32,€11K,3,172lbs
67,31,68,72,Medium,66,73,421,75,LWB,74,2019,2017.0,75,79,72,72,Medium,72,73,40,Left,7,10,16,16,6,68,"6'1""",164491,74,2,"Aug 9, 2017",71,,72,66,73,Dennis Aogo,Germany,74,73,74,74,64,67,"['CDM', 'CM', 'LB', 'LWB']",74,71,€6.5M,56,77,74,3,72,77,74,71,76,VfB Stuttgart,325,216,55,343,353,361,369,2022,https://sofifa.com/player/164491/dennis-aogo/19/159488/,€3.8M,70,65,€26K,3,183lbs
75,32,72,73,Medium,69,78,436,78,LWB,75,2020,2011.0,79,77,74,76,Medium,75,60,58,Left,9,12,10,13,11,64,"5'11""",144429,76,2,"Jul 1, 2011",68,,74,66,72,Oscar Wendt,Sweden,77,76,76,70,65,73,"['LB', 'LM']",77,78,€8.4M,64,78,76,3,74,76,76,78,67,Borussia Mönchengladbach,329,224,55,359,371,353,364,2055,https://sofifa.com/player/144429/oscar-wendt/19/159488/,€4.9M,73,50,€26K,3,181lbs
80,19,59,71,Medium,59,48,331,58,LWB,41,2021,2019.0,56,54,52,58,Medium,62,55,28,Left,6,7,13,14,14,50,"5'9""",246743,51,1,"Jan 1, 2019",59,,40,54,50,Aldhair Molina,Mexico,57,78,47,59,39,50,"['LB', 'LWB']",71,55,€465K,37,48,38,2,54,76,65,55,56,Puebla FC,212,159,54,237,341,272,259,1534,https://sofifa.com/player/246743/aldhair-molina/19/159488/,€200K,38,30,€1K,2,132lbs
87,26,64,80,Medium,71,63,396,73,LWB,52,Ecuador Free,,69,55,67,67,Medium,66,59,51,Left,11,9,13,10,14,44,"5'11""",246403,70,1,"Jan 1, 2018",63,,66,56,66,Beder Caicedo,Ecuador,72,85,63,62,59,45,['LB'],73,72,€0,52,72,52,3,72,84,70,73,57,,276,211,57,278,394,298,309,1823,https://sofifa.com/player/246403/beder-caicedo/19/159488/,€0,40,40,€0,2,159lbs
66,19,56,64,Medium,59,62,342,63,LWB,51,2019,2018.0,64,43,57,61,Medium,60,40,37,Left,10,8,12,6,12,54,"5'8""",245704,53,1,"Jul 12, 2018",57,,62,44,52,Martí Vilà García,Spain,62,65,57,60,49,63,['LB'],77,60,€1.3M,42,63,46,2,62,64,66,64,58,CF Reus Deportiu,256,178,48,264,313,271,267,1597,https://sofifa.com/player/245704/marti-vila-garcia/19/159488/,€575K,43,38,€1K,2,152lbs
86,18,56,84,Medium,86,57,345,59,LWB,48,2021,2018.0,51,37,53,60,Medium,54,29,34,Left,14,9,12,13,6,54,"5'7""",244515,53,1,"Jul 1, 2018",81,,49,31,54,Clinton Antwi,Ghana,58,85,50,62,32,56,"['LB', 'LWB']",71,54,€375K,35,55,38,3,50,85,62,53,62,FC Nordsjælland,226,157,54,244,395,274,226,1576,https://sofifa.com/player/244515/clinton-antwi/19/159488/,€200K,47,32,€1K,3,154lbs
65,25,51,54,Medium,64,43,303,56,LWB,38,2019,2018.0,49,31,57,52,Medium,55,28,35,Left,6,12,15,12,9,49,"6'0""",244442,51,1,"Jun 12, 2018",62,,35,29,55,William Le Pogam,France,55,65,38,58,39,53,"['LB', 'LWB']",57,51,€137K,33,39,30,2,60,65,63,63,57,Neuchâtel Xamax,198,178,54,227,299,241,192,1389,https://sofifa.com/player/244442/william-le-pogam/19/159488/,€90K,33,26,€1K,2,165lbs
79,19,55,75,Medium,74,67,384,67,LWB,54,2021,2017.0,66,57,59,69,Medium,69,47,50,Left,8,7,14,11,11,55,"5'10""",242287,59,1,"Dec 1, 2017",60,,51,52,57,Francisco Ortega,Argentina,66,80,58,64,57,58,['LB'],80,57,€2.6M,54,65,64,3,61,81,76,63,62,Vélez Sarsfield,289,181,51,277,366,314,291,1769,https://sofifa.com/player/242287/francisco-ortega/19/159488/,€1.2M,48,53,€2K,2,165lbs
75,21,69,66,High,63,68,383,67,LWB,62,2021,2015.0,70,45,60,65,Medium,65,25,60,Left,11,7,12,5,7,36,"6'0""",237758,60,1,"Jan 1, 2015",58,,57,56,62,Ko Matsubara,Japan,65,76,58,67,32,66,"['LB', 'LM', 'LWB']",72,55,€943K,57,64,65,3,64,76,70,66,66,Shimizu S-Pulse,254,192,42,273,335,315,260,1671,https://sofifa.com/player/237758/ko-matsubara/19/159488/,€650K,46,24,€1K,3,159lbs
67,21,67,66,Medium,60,64,356,63,LWB,50,2021,2018.0,65,28,56,62,Medium,60,33,47,Left,11,9,12,6,6,45,"6'0""",238793,59,1,"Jul 1, 2018",61,,57,40,60,Thore Jacobsen,Germany,61,67,56,67,43,55,"['LB', 'LM']",69,64,€618K,48,62,60,2,51,67,69,54,67,SV Werder Bremen,259,165,44,272,324,297,242,1603,https://sofifa.com/player/238793/thore-jacobsen/19/159488/,€325K,48,40,€3K,3,168lbs
75,27,46,79,High,72,63,372,67,LWB,51,2021,2009.0,69,64,58,66,Medium,65,67,51,Left,11,8,5,15,9,39,"5'10""",237784,55,1,"Jan 1, 2009",62,,63,36,57,Yusuke Maruhashi,Japan,65,76,63,60,34,63,"['LB', 'LM']",65,64,€563K,49,69,61,3,66,77,72,63,60,Cerezo Osaka,269,186,48,243,367,291,322,1726,https://sofifa.com/player/237784/yusuke-maruhashi/19/159488/,€450K,45,41,€2K,2,161lbs
84,21,59,67,Medium,84,65,367,66,LWB,55,2022,2019.0,64,58,57,67,Medium,68,35,32,Left,10,13,11,12,14,55,"5'9""",236454,56,1,"Jan 15, 2019",67,,49,38,58,Souleyman Doumbia,Ivory Coast,65,85,58,63,39,55,"['LB', 'LM']",75,58,€1.6M,37,67,43,3,56,86,75,58,59,Stade Rennais FC,255,172,60,260,379,282,275,1683,https://sofifa.com/player/236454/souleyman-doumbia/19/159488/,€750K,51,37,€5K,2,141lbs
83,28,55,75,High,73,56,337,64,LWB,49,2021,2011.0,61,57,56,58,Medium,55,38,22,Left,7,6,13,8,9,41,"5'6""",235600,54,1,"Jul 1, 2011",70,,41,29,58,Bandar Al Mutairi,Saudi Arabia,63,83,51,64,37,51,"['LB', 'LWB']",63,54,€479K,25,56,20,2,56,83,85,61,57,Al Batin,200,175,43,240,368,261,247,1534,https://sofifa.com/player/235600/bandar-al-mutairi/19/159488/,€290K,43,20,€3K,3,110lbs
69,28,75,64,Medium,67,69,378,74,LWB,63,2020,2016.0,73,55,71,67,Medium,65,38,31,Left,8,14,11,15,9,57,"5'11""",234935,79,1,"Jul 1, 2016",58,,57,35,68,João Carlos Fonseca Silva,Portugal,73,71,59,72,41,54,['LB'],73,72,€6.6M,38,68,51,2,69,72,79,73,69,Boavista FC,277,210,57,286,344,292,284,1750,https://sofifa.com/player/234935/joao-carlos-fonseca-silva/19/159488/,€3.2M,37,48,€7K,3,168lbs
62,25,58,56,High,65,65,356,66,LWB,65,Bulgaria Free,,65,56,63,65,Medium,67,51,44,Left,12,9,9,12,11,58,"5'11""",233545,63,1,"Jun 23, 2018",70,,60,43,60,Anton Nedyalkov,Bulgaria,65,59,59,64,41,72,['LB'],68,64,€0,46,66,45,3,66,56,64,67,66,,287,193,53,277,303,288,299,1700,https://sofifa.com/player/233545/anton-nedyalkov/19/159488/,€0,43,54,€0,3,154lbs
79,18,56,77,High,80,57,336,63,LWB,56,2021,2018.0,64,58,55,59,Medium,55,22,29,Left,12,12,7,6,14,39,"5'9""",234207,58,1,"Aug 9, 2018",84,,42,23,54,John Kitolano,Norway,62,79,50,61,24,57,"['LB', 'LWB']",77,55,€1.4M,32,53,43,2,55,79,76,58,53,Wolverhampton Wanderers,210,167,51,239,370,279,234,1550,https://sofifa.com/player/234207/john-kitolano/19/159488/,€550K,44,25,€4K,3,143lbs
80,23,73,79,Medium,90,67,365,69,LWB,56,2021,2018.0,71,60,60,65,Medium,58,51,39,Left,5,8,6,9,5,49,"5'6""",233911,64,1,"Jul 4, 2018",82,,57,50,55,José Joaquín Matos García,Spain,68,79,58,56,39,49,['LB'],75,65,€1.9M,47,58,71,2,66,79,83,63,33,Cádiz CF,239,184,33,272,393,319,293,1733,https://sofifa.com/player/233911/jose-joaquin-matos-garcia/19/159488/,€1.1M,47,22,€4K,3,141lbs
82,26,54,81,Medium,64,67,398,71,LWB,65,2021,2015.0,72,67,64,67,Medium,64,30,50,Left,13,12,9,5,9,52,"5'10""",233146,66,1,"Jan 1, 2015",75,,57,64,64,Shintaro Kurumaya,Japan,70,79,62,69,31,64,"['CB', 'LB']",71,67,€2.3M,57,64,70,3,68,77,81,66,68,Kawasaki Frontale,294,198,48,275,371,358,285,1829,https://sofifa.com/player/233146/shintaro-kurumaya/19/159488/,€1.7M,60,56,€5K,3,161lbs
72,28,53,52,Medium,58,66,360,69,LWB,63,South Africa Free,,75,51,68,65,Medium,69,38,31,Left,12,13,5,14,5,53,"6'0""",233437,68,1,"Jul 1, 2016",60,,67,28,66,Sifiso Hlanti,South Africa,68,71,60,62,43,51,"['CB', 'LB', 'LM', 'LWB']",68,58,€0,34,58,41,3,68,70,62,76,66,,250,210,49,266,310,257,291,1633,https://sofifa.com/player/233437/sifiso-hlanti/19/159488/,€0,51,33,€0,3,172lbs
82,26,45,71,Medium,67,76,417,75,LWB,76,2021,2018.0,74,66,69,75,Medium,77,56,56,Left,13,8,9,10,12,62,"6'0""",230339,66,1,"Jan 1, 2018",60,,67,61,67,Adolfo Heitor Padilha Alves,Brazil,74,83,65,68,55,51,"['LB', 'LM']",74,65,€9.1M,57,67,62,4,74,83,81,75,72,Bahia,304,216,52,268,368,336,342,1886,https://sofifa.com/player/230339/adolfo-heitor-padilha-alves/19/159488/,€4.8M,51,45,€12K,3,181lbs
88,30,73,86,High,90,74,419,79,LWB,76,2021,2018.0,78,54,74,77,Medium,76,49,45,Left,13,13,16,8,9,60,"5'6""",230184,75,1,"Jan 1, 2018",59,,59,68,75,Ronaldo Diego Esler Domingues,Brazil,78,87,70,53,49,69,"['LB', 'LM']",78,80,€14.3M,58,76,78,4,76,86,76,77,33,Atlético Mineiro,314,228,59,334,430,314,312,1991,https://sofifa.com/player/230184/ronaldo-diego-esler-domingues/19/159488/,€7.5M,68,55,€34K,3,143lbs
77,23,64,71,High,64,71,391,72,LWB,65,2020,2014.0,75,76,66,69,Medium,67,73,36,Left,10,9,11,7,15,55,"6'0""",223633,65,1,"Jul 1, 2014",62,,66,46,65,Leart Paqarada,Kosovo,70,76,68,67,39,56,"['LB', 'LWB']",74,68,€3.2M,45,68,65,3,67,76,75,71,65,SV Sandhausen,275,203,52,282,356,313,353,1834,https://sofifa.com/player/223633/leart-paqarada/19/159488/,€1.9M,58,41,€4K,3,168lbs
83,23,61,76,High,76,70,396,71,LWB,70,2024,2017.0,73,62,64,71,Medium,70,34,33,Left,8,7,15,7,8,57,"5'10""",221994,63,1,"Jul 1, 2017",80,,57,31,62,Núrio Domingos Matias Fortuna,Angola,70,85,64,70,41,67,"['LB', 'LM', 'LWB']",75,64,€3.1M,42,67,70,3,66,86,72,67,71,Sporting de Charleroi,261,195,45,294,385,324,293,1797,https://sofifa.com/player/221994/nurio-domingos-matias-fortuna/19/159488/,€2M,62,31,€7K,2,161lbs
86,24,75,85,High,85,69,425,75,LWB,67,2021,2015.0,73,72,69,74,Medium,74,60,55,Left,15,10,14,13,7,54,"5'9""",221201,70,1,"Jul 1, 2015",78,,62,54,72,Tim Leibold,Germany,73,85,69,71,59,69,"['LB', 'LM']",76,71,€7.8M,57,72,64,3,70,85,78,70,65,1. FC Nürnberg,296,212,59,338,412,339,337,1993,https://sofifa.com/player/221201/tim-leibold/19/159488/,€4.2M,65,42,€15K,2,159lbs
78,25,49,79,High,77,74,409,76,LWB,56,2021,2014.0,74,69,68,75,Medium,75,57,64,Left,15,7,12,11,9,62,"5'10""",217036,66,1,"Jul 16, 2014",66,,64,60,70,Alexandre Moreno Lopera,Spain,74,80,68,55,70,71,"['LB', 'LWB']",77,76,€13.7M,63,72,58,3,71,81,90,68,39,Rayo Vallecano,337,209,54,318,391,313,339,1961,https://sofifa.com/player/217036/alexandre-moreno-lopera/19/159488/,€6M,62,65,€15K,3,150lbs
77,26,73,83,High,82,72,410,73,LWB,62,2020,2017.0,69,62,69,74,High,74,49,54,Left,10,11,15,10,12,56,"5'7""",216283,68,1,"Jul 1, 2017",80,,62,65,70,Danilo Teodoro Soares,Brazil,72,75,63,70,42,61,"['LB', 'LWB']",73,68,€5M,59,68,68,3,73,74,75,73,66,VfL Bochum 1848,300,216,58,299,384,354,319,1930,https://sofifa.com/player/216283/danilo-teodoro-soares/19/159488/,€3M,55,53,€13K,3,159lbs
75,26,66,76,Medium,84,63,375,69,LWB,62,2020,2018.0,67,64,64,62,Medium,55,65,27,Left,10,16,10,14,11,36,"5'8""",217610,73,1,"Jul 1, 2018",71,,67,33,63,Muhammad Candé,Guinea Bissau,68,77,62,71,35,50,['LB'],68,68,€1.6M,39,69,75,2,63,78,67,68,75,Santa Clara,228,194,61,262,381,321,314,1761,https://sofifa.com/player/217610/muhammad-cande/19/159488/,€750K,38,29,€3K,3,181lbs
70,23,73,68,High,75,64,379,66,LWB,53,2019,2018.0,64,55,57,65,High,64,60,38,Left,10,7,15,14,12,49,"5'11""",215422,57,1,"Oct 17, 2018",75,,63,50,52,Fabian Holthaus,Germany,64,74,63,73,39,48,"['LB', 'LM', 'LW']",68,59,€763K,47,65,67,3,62,78,80,62,69,FC Energie Cottbus,251,176,58,276,350,341,306,1758,https://sofifa.com/player/215422/fabian-holthaus/19/159488/,€500K,59,35,€1K,2,163lbs
69,23,55,70,Medium,71,69,379,67,LWB,57,2021,2013.0,72,67,64,70,Medium,71,47,47,Left,12,12,12,7,9,53,"5'11""",215756,62,1,"Jun 1, 2013",60,,57,51,66,Sam McQueen,England,66,70,61,66,52,47,"['LB', 'LM']",72,62,€1.6M,48,60,48,3,61,70,67,67,71,Southampton,274,194,52,273,342,297,311,1743,https://sofifa.com/player/215756/sam-mcqueen/19/159488/,€750K,57,42,€10K,3,154lbs
72,26,64,73,High,69,70,396,71,LWB,69,2019,2017.0,70,56,65,71,Medium,72,37,58,Left,10,10,15,11,13,58,"5'10""",211499,68,1,"Aug 1, 2017",71,,54,64,65,Héctor Quiñones,Colombia,70,72,61,67,49,68,"['LB', 'LW']",71,70,€2.4M,60,69,68,3,64,72,81,66,60,América de Cali,295,195,59,301,356,344,289,1839,https://sofifa.com/player/211499/hector-quinones/19/159488/,€1.7M,52,40,€2K,3,154lbs
88,23,56,87,High,83,70,405,71,LWB,61,2021,2018.0,72,68,61,74,Medium,74,46,54,Left,12,7,12,7,10,54,"5'10""",211204,64,1,"Aug 9, 2018",57,,62,52,55,Declan John,Wales,69,87,63,64,60,57,['LB'],77,65,€2.8M,56,68,67,3,64,86,75,66,63,Swansea City,294,185,48,287,409,314,320,1857,https://sofifa.com/player/211204/declan-john/19/159488/,€1.3M,50,46,€10K,3,165lbs
78,24,59,74,Medium,71,67,379,70,LWB,59,2019,2019.0,72,55,62,67,Medium,66,38,28,Left,13,12,10,15,11,55,"5'10""",209722,66,1,"May 3, 2019",70,,66,32,59,Marcos Garbellotto Pedroso,Brazil,68,80,64,72,46,68,['LB'],73,60,€1.6M,34,70,36,3,62,81,78,65,75,DC United,261,186,61,290,364,291,292,1745,https://sofifa.com/player/209722/marcos-garbellotto-pedroso/19/159488/,€1M,51,36,€3K,2,170lbs
78,26,57,76,Medium,77,70,383,71,LWB,61,2019,2016.0,73,57,66,72,Medium,72,32,39,Left,11,14,9,9,6,59,"5'8""",208493,61,1,"Jul 5, 2016",70,,63,27,64,Taleb Tawatha,Israel,70,78,63,64,33,54,"['LB', 'LWB']",71,67,€3M,40,70,53,2,71,78,66,71,66,Eintracht Frankfurt,275,206,49,257,376,282,294,1739,https://sofifa.com/player/208493/taleb-tawatha/19/159488/,€1.7M,52,34,€16K,3,154lbs
69,26,67,71,High,73,73,417,77,LWB,65,2022,2016.0,78,73,71,73,High,73,71,42,Left,11,10,12,16,11,41,"5'10""",207924,72,1,"Jun 30, 2016",76,,69,69,74,Lucas Pedro Alves de Lima,Brazil,75,73,72,71,53,71,"['LB', 'LM']",75,71,€10.5M,57,72,73,3,75,76,86,76,64,FC Nantes,294,225,60,329,360,368,359,1995,https://sofifa.com/player/207924/lucas-pedro-alves-de-lima/19/159488/,€5.5M,66,61,€22K,1,168lbs
79,23,57,82,High,83,67,370,68,LWB,48,2021,2017.0,70,55,59,71,Medium,70,46,40,Left,8,7,6,15,13,34,"5'9""",208001,60,1,"Jul 24, 2017",60,,54,57,67,Paulo Otávio Rosa da Silva,Brazil,66,77,61,54,41,56,"['LB', 'LM']",71,61,€1.2M,48,68,58,2,63,76,69,58,44,FC Ingolstadt 04,258,188,49,266,381,288,292,1722,https://sofifa.com/player/208001/paulo-otavio-rosa-da-silva/19/159488/,€725K,52,46,€6K,3,150lbs
79,26,58,79,High,69,74,415,74,LWB,70,2019,2016.0,73,65,65,75,Medium,77,46,54,Left,7,14,11,10,14,57,"6'0""",204876,67,1,"Aug 19, 2016",76,,56,49,63,Carlos Clerc Martínez,Spain,72,81,66,75,44,64,"['LB', 'LWB']",73,67,€5M,53,70,59,3,68,82,90,66,75,CA Osasuna,294,197,56,296,376,349,318,1886,https://sofifa.com/player/204876/carlos-clerc-martinez/19/159488/,€3M,63,40,€7K,2,152lbs
71,28,72,65,Medium,66,68,390,71,LWB,66,2019,2017.0,71,57,68,68,Medium,68,71,43,Left,14,8,12,14,7,56,"6'1""",204731,67,1,"Jul 1, 2017",61,,69,68,68,João Carlos Reis Graça,Portugal,70,68,64,67,39,62,['LB'],70,66,€2.9M,55,64,78,3,72,66,76,72,62,CD Tondela,271,212,55,295,334,345,333,1845,https://sofifa.com/player/204731/joao-carlos-reis-graca/19/159488/,€1.4M,55,37,€4K,3,159lbs
71,27,74,72,High,62,80,448,82,LWB,75,2022,2014.0,85,77,78,78,Medium,79,68,54,Left,12,7,8,8,13,70,"6'0""",201454,76,2,"Jan 31, 2014",73,,74,69,79,Faouzi Ghoulam,Algeria,81,77,77,74,76,69,['LB'],81,79,€24.7M,64,79,80,3,80,82,88,81,68,Napoli,340,240,48,364,366,378,378,2114,https://sofifa.com/player/201454/faouzi-ghoulam/19/159488/,€14.5M,69,52,€68K,4,176lbs
75,26,58,71,Medium,81,63,370,64,LWB,64,2022,2017.0,61,36,58,62,High,59,30,44,Left,9,7,7,15,12,42,"5'7""",201217,53,1,"Jul 1, 2017",69,,55,59,59,Janick Kamber,Switzerland,63,77,54,67,44,65,"['LB', 'LM', 'LWB']",64,56,€534K,52,62,65,3,59,78,70,65,68,Neuchâtel Xamax,250,183,50,265,361,331,243,1683,https://sofifa.com/player/201217/janick-kamber/19/159488/,€350K,45,41,€2K,4,143lbs
73,28,76,75,High,69,75,410,73,LWB,74,2021,2017.0,76,72,67,72,Medium,69,50,55,Left,10,9,11,8,6,57,"5'10""",201509,69,1,"Jul 19, 2017",68,,69,64,67,Juan Carlos Pérez López,Spain,72,74,69,67,55,64,"['LB', 'LM', 'LWB']",72,75,€3.9M,61,74,69,3,69,74,69,67,63,Málaga CF,342,203,44,319,366,333,335,1942,https://sofifa.com/player/201509/juan-carlos-perez-lopez/19/159488/,€2.5M,55,80,€8K,2,154lbs
73,32,80,71,High,72,68,398,69,LWB,69,2019,2017.0,68,75,63,67,Medium,66,56,41,Left,11,8,7,14,11,53,"5'9""",198840,69,1,"Jul 6, 2017",70,,57,70,60,Abraham Minero Fernández,Spain,68,74,64,76,57,63,"['LB', 'LM', 'LWB']",68,64,€775K,54,63,71,3,66,75,76,65,75,Gimnàstic de Tarragona,261,191,51,335,355,362,322,1877,https://sofifa.com/player/198840/abraham-minero-fernandez/19/159488/,€500K,66,36,€4K,2,157lbs
89,28,71,78,High,73,73,413,77,LWB,73,2022,2018.0,75,72,69,74,Medium,74,54,38,Left,6,11,12,11,12,49,"5'10""",194846,68,1,"Jul 1, 2018",60,,65,46,72,Florent Hanin,France,75,85,69,72,25,60,['LB'],75,75,€11.6M,44,73,60,3,71,81,91,74,64,Vitória Guimarães,268,217,52,286,396,321,338,1878,https://sofifa.com/player/194846/florent-hanin/19/159488/,€5.5M,62,33,€10K,3,143lbs
85,28,69,82,High,82,64,407,74,LWB,73,2019,2017.0,73,65,67,70,Medium,69,34,30,Left,11,15,6,11,12,57,"5'7""",193177,73,1,"Aug 14, 2017",83,,67,49,61,Adama Traoré,Ivory Coast,73,87,65,74,53,65,['LB'],73,71,€6.3M,44,65,60,3,69,88,86,71,70,Göztepe SK,275,201,55,321,408,348,299,1907,https://sofifa.com/player/193177/adama-traore/19/159488/,€3.2M,61,50,€19K,2,161lbs
71,27,64,67,Medium,66,70,394,74,LWB,65,2022,2017.0,73,66,72,69,Medium,68,53,43,Left,9,16,8,7,15,56,"6'0""",192546,72,1,"Jul 1, 2017",64,,51,38,74,Enda Stevens,Republic of Ireland,74,71,63,74,52,57,['LWB'],74,74,€8.8M,45,67,57,3,68,71,84,76,73,Sheffield United,263,218,55,302,349,316,308,1811,https://sofifa.com/player/192546/enda-stevens/19/159488/,€4.6M,57,24,€12K,2,172lbs
75,28,72,73,Medium,74,70,415,76,LWB,73,2019,2017.0,68,66,73,69,High,67,70,49,Left,16,12,6,8,10,63,"5'10""",192156,77,1,"Jul 1, 2017",78,,65,72,72,Ruben Alexandre Rocha Lima,Portugal,75,74,67,75,37,62,['LB'],75,75,€11.6M,57,67,62,3,73,73,91,76,67,Moreirense FC,306,221,52,314,370,370,338,1971,https://sofifa.com/player/192156/ruben-alexandre-rocha-lima/19/159488/,€5.5M,66,59,€7K,2,152lbs
78,28,55,76,High,74,65,396,71,LWB,72,2019,2018.0,72,61,63,67,Medium,65,53,54,Left,8,16,10,16,6,61,"5'9""",184643,66,1,"Aug 9, 2018",55,,67,55,56,Jorge Villafaña,United States,70,78,66,65,58,62,['LB'],70,69,€2.1M,57,67,66,3,67,78,80,67,62,Portland Timbers,307,190,56,304,375,318,311,1861,https://sofifa.com/player/184643/jorge-villafana/19/159488/,€1.4M,63,53,€5K,2,150lbs
85,31,77,88,High,79,63,384,72,LWB,55,2019,2017.0,78,67,62,66,Medium,62,70,30,Left,12,11,12,6,12,52,"5'9""",178565,66,1,"Jul 17, 2017",80,,60,64,61,Bruno Urribarri,Argentina,70,85,67,57,34,59,['LB'],70,66,€1.7M,47,65,70,2,65,85,84,64,33,Patronato,256,190,53,301,403,331,322,1856,https://sofifa.com/player/178565/bruno-urribarri/19/159488/,€1.2M,65,31,€8K,2,143lbs
61,34,68,68,Medium,66,62,376,68,LWB,63,2019,2019.0,62,65,65,61,Medium,57,39,55,Left,11,12,13,9,15,54,"5'11""",178379,67,1,"Jan 3, 2019",70,,55,59,65,Jordan Harvey,United States,67,63,59,74,49,55,['LB'],67,67,€330K,54,65,53,2,67,65,80,67,73,Los Angeles FC,276,199,60,291,327,335,278,1766,https://sofifa.com/player/178379/jordan-harvey/19/159488/,€220K,52,40,€3K,3,176lbs
73,29,47,77,Medium,71,64,386,69,LWB,63,2019,2016.0,64,38,64,67,Medium,66,53,56,Left,14,14,14,13,16,57,"5'11""",179663,63,1,"Jul 1, 2016",66,,63,52,65,Tommy Rowe,England,67,74,62,64,53,67,"['CM', 'LM']",67,65,€1.3M,55,64,57,3,65,75,81,67,63,Doncaster Rovers,284,197,71,294,361,319,284,1810,https://sofifa.com/player/179663/tommy-rowe/19/159488/,€750K,64,43,€4K,3,179lbs
79,32,81,71,Medium,76,74,420,75,LWB,75,Slovenia Free,,76,67,70,68,Medium,62,59,48,Left,16,15,14,8,14,65,"5'9""",177149,74,1,"Feb 21, 2017",81,,69,61,62,Bojan Jokič,Slovenia,75,79,69,78,49,60,"['LB', 'LWB']",75,69,€0,56,74,68,2,75,79,77,76,76,,319,213,67,319,374,363,331,1986,https://sofifa.com/player/177149/bojan-jokic/19/159488/,€0,55,56,€0,3,170lbs
70,31,61,68,High,70,58,375,65,LWB,60,2020,2017.0,65,66,55,60,Medium,59,67,42,Left,4,3,17,5,8,51,"6'2""",170095,56,1,"Jul 3, 2017",79,,58,45,52,Daniel Jones,England,63,77,62,74,48,57,['LB'],63,58,€420K,47,60,56,2,60,82,85,57,73,Notts County,264,169,37,283,348,338,308,1747,https://sofifa.com/player/170095/daniel-jones/19/159488/,€240K,61,46,€4K,2,196lbs
78,32,55,77,Medium,74,76,410,79,LWB,73,2020,2017.0,74,64,75,75,Medium,75,38,34,Left,10,11,9,11,6,68,"5'9""",152554,75,3,"Jul 7, 2017",70,,73,43,74,Gaël Clichy,France,77,79,70,68,45,68,['LB'],77,72,€9.3M,43,78,52,4,75,80,82,77,66,Medipol Başakşehir FK,313,226,47,302,381,313,326,1908,https://sofifa.com/player/152554/gael-clichy/19/159488/,€4.9M,59,59,€24K,4,143lbs
67,36,66,76,Medium,75,77,414,75,LWB,78,2019,2016.0,86,82,71,74,Medium,72,76,46,Left,6,5,7,12,7,60,"5'10""",154634,72,2,"May 31, 2016",77,,77,62,70,Manuel Pasqual,Italy,74,68,78,67,50,66,"['LB', 'LM']",74,72,€1.2M,56,78,72,3,72,69,68,73,66,Empoli,332,215,37,324,359,345,384,1996,https://sofifa.com/player/154634/manuel-pasqual/19/159488/,€650K,70,62,€9K,2,157lbs
63,16,62,53,High,72,51,317,59,LWB,42,2021,2018.0,62,61,53,57,Medium,60,34,35,Left,15,6,8,8,10,46,"5'9""",248693,59,1,"Jul 1, 2018",61,,45,32,51,Angelo Ndrecka,Albania,58,64,51,56,42,48,['LB'],67,61,€280K,36,52,35,2,57,64,58,53,52,Chievo Verona,238,161,47,254,313,238,251,1502,https://sofifa.com/player/248693/angelo-ndrecka/19/159488/,€140K,43,43,€1K,3,154lbs
69,23,60,61,Medium,57,58,334,60,LWB,52,2021,2019.0,58,48,57,57,Medium,57,30,26,Left,9,9,13,9,9,58,"6'0""",247242,55,1,"Feb 1, 2019",64,,55,29,54,Mateo Mužek,Croatia,60,68,54,66,41,50,"['CB', 'LWB']",65,51,€420K,32,59,43,2,57,68,66,61,69,St. Mirren,227,172,49,256,306,271,248,1529,https://sofifa.com/player/247242/mateo-muzek/19/159488/,€230K,50,26,€1K,3,179lbs
78,19,59,66,High,73,61,357,63,LWB,54,2021,2016.0,57,50,57,64,Medium,65,35,43,Left,8,14,8,11,7,47,"5'10""",247124,63,1,"Jul 1, 2016",71,,51,41,50,Gideon Mensah,Ghana,62,75,53,61,37,59,['LB'],73,61,€743K,47,59,61,3,56,72,65,62,58,SK Sturm Graz,249,168,48,263,350,296,262,1636,https://sofifa.com/player/247124/gideon-mensah/19/159488/,€450K,45,43,€1K,2,141lbs
77,20,51,65,Medium,82,61,343,64,LWB,55,2023,2019.0,67,35,58,65,Medium,66,44,32,Left,9,11,14,6,7,41,"5'7""",247017,59,1,"Jan 22, 2019",55,,52,31,55,Happy Mashiane,South Africa,63,74,55,57,41,65,"['LB', 'LM']",77,52,€2M,34,58,33,2,59,72,71,65,53,Kaizer Chiefs,226,179,47,265,348,243,258,1566,https://sofifa.com/player/247017/happy-mashiane/19/159488/,€725K,49,28,€1K,3,154lbs
70,21,57,69,Medium,67,62,375,65,LWB,55,2021,2019.0,72,75,58,60,Medium,57,75,35,Left,12,10,8,7,11,47,"6'0""",246932,58,1,"Jan 17, 2019",70,,67,67,59,Erik Gliha,Slovenia,63,71,68,66,50,59,"['CAM', 'LB', 'LM']",70,57,€765K,52,65,72,2,61,71,67,60,68,Sint-Truidense VV,281,180,48,288,334,344,336,1811,https://sofifa.com/player/246932/erik-gliha/19/159488/,€450K,64,62,€2K,3,168lbs
68,19,48,54,Medium,66,54,300,55,LWB,35,2019,2018.0,53,30,50,52,Medium,50,26,45,Left,12,8,15,7,13,37,"5'11""",246318,49,1,"May 14, 2018",64,,38,21,50,Toby Stevenson,England,54,63,44,54,37,49,"['LB', 'LWB']",68,48,€309K,37,50,35,2,51,58,61,53,52,Charlton Athletic,204,154,55,222,294,233,198,1360,https://sofifa.com/player/246318/toby-stevenson/19/159488/,€130K,39,19,€1K,3,161lbs
75,20,48,68,Medium,75,59,322,64,LWB,51,2019,2018.0,63,59,57,63,Medium,64,39,29,Left,7,8,6,5,11,22,"5'8""",245989,64,1,"Sep 2, 2018",62,,45,32,58,Alberto Espeso Fernández,Spain,63,74,53,42,40,56,['LB'],75,62,€1M,33,58,33,2,64,74,60,62,29,Real Sporting de Gijón,209,184,37,250,354,216,266,1516,https://sofifa.com/player/245989/alberto-espeso-fernandez/19/159359/,€575K,42,37,€1K,3,141lbs
68,19,60,68,Medium,76,44,292,55,LWB,48,2021,2018.0,47,33,48,52,Medium,51,33,28,Left,15,14,11,6,8,38,"5'9""",245727,56,1,"Jul 1, 2018",60,,38,31,48,Laureano Nutz,Argentina,54,67,40,55,47,41,['LB'],67,55,€234K,30,43,27,2,51,66,71,46,45,Club Atlético Tigre,191,145,54,238,333,234,199,1394,https://sofifa.com/player/245727/laureano-nutz/19/159387/,€110K,34,35,€1K,2,152lbs
66,20,63,65,Medium,76,62,350,63,LWB,45,2020,2019.0,61,60,61,61,Medium,59,43,39,Left,10,12,11,12,8,55,"5'9""",245586,54,1,"Jan 30, 2019",60,,49,52,61,Adrià Guerrero Aguilar,Spain,63,67,56,59,41,62,"['LB', 'LWB']",71,55,€1.1M,46,59,49,2,70,67,64,64,55,Valencia CF,270,195,53,272,329,280,273,1672,https://sofifa.com/player/245586/adria-guerrero-aguilar/19/159488/,€475K,52,56,€4K,2,163lbs
69,18,47,65,Medium,64,49,288,55,LWB,36,2021,2018.0,51,30,49,55,Medium,55,31,22,Left,13,6,5,14,9,22,"5'9""",245515,52,1,"Jul 6, 2018",54,,29,28,50,Jonas Brändle,Germany,53,67,45,46,35,40,['LB'],70,52,€245K,26,55,29,2,49,66,52,54,42,1. FC Heidenheim 1846,172,153,47,214,316,205,194,1301,https://sofifa.com/player/245515/jonas-brandle/19/159488/,€110K,40,22,€1K,2,154lbs
67,19,54,63,Medium,78,45,290,58,LWB,41,2021,2018.0,61,29,53,50,Medium,48,28,28,Left,9,6,13,9,15,32,"5'9""",245451,52,1,"Feb 1, 2018",60,,45,26,49,Kenta Ito,Japan,57,64,47,48,28,40,['LB'],65,54,€189K,28,54,28,2,58,62,63,62,37,Shimizu S-Pulse,202,169,52,203,324,214,195,1359,https://sofifa.com/player/245451/kenta-ito/19/159488/,€130K,29,27,€1K,2,137lbs
68,21,60,66,Medium,62,64,340,59,LWB,56,2020,2018.0,58,41,52,61,Medium,59,39,36,Left,11,11,5,9,12,50,"6'1""",245336,52,1,"Aug 9, 2018",63,,53,43,50,Maximilian Kilman,England,56,70,52,64,48,48,"['CB', 'CM', 'LB']",66,55,€273K,41,55,51,2,52,72,62,53,67,Wolverhampton Wanderers,231,155,48,252,323,286,256,1551,https://sofifa.com/player/245336/maximilian-kilman/19/159488/,€130K,44,32,€5K,5,176lbs
76,20,54,68,Medium,73,60,336,63,LWB,43,2021,2018.0,60,31,54,60,Medium,58,34,32,Left,9,6,7,11,6,36,"5'9""",245216,57,1,"Aug 5, 2018",57,,53,37,54,Hugo Daza,Colombia,61,74,54,58,43,38,['LB'],74,54,€861K,36,62,41,2,61,73,72,57,53,Deportivo Cali,220,172,39,235,344,260,236,1506,https://sofifa.com/player/245216/hugo-daza/19/159352/,€425K,43,30,€1K,3,157lbs
72,22,63,62,Medium,65,61,358,64,LWB,56,2020,2018.0,63,49,60,59,Medium,57,42,46,Right,12,11,12,9,7,60,"5'11""",245008,61,1,"Jul 7, 2018",61,,51,49,56,Manuel Haas,Austria,63,74,54,63,40,50,"['LM', 'LWB']",68,61,€610K,48,58,53,2,59,76,65,65,62,SKN St. Pölten,270,180,51,257,336,290,260,1644,https://sofifa.com/player/245008/manuel-haas/19/159488/,€400K,43,43,€3K,2,168lbs
72,19,45,71,Medium,77,52,296,55,LWB,36,2019,2018.0,44,35,53,53,Medium,47,32,25,Left,13,14,8,14,7,43,"5'10""",244864,52,1,"Jul 24, 2018",68,,32,33,55,Felix Örn Fridriksson,Iceland,54,73,41,46,32,49,['LWB'],70,57,€244K,30,47,31,2,51,73,51,56,41,Vejle Boldklub,188,162,56,218,350,224,198,1396,https://sofifa.com/player/244864/felix-orn-fridriksson/19/159415/,€130K,40,29,€1K,2,157lbs
66,23,55,63,Medium,69,63,332,62,LWB,55,2021,2018.0,59,38,59,60,Medium,57,37,37,Left,12,9,7,9,10,45,"5'8""",244658,60,1,"Jan 8, 2018",61,,47,42,60,Kazuki Anzai,Japan,61,67,50,54,41,47,"['LB', 'RB', 'RM']",67,57,€421K,42,54,51,2,57,67,65,63,47,Sagan Tosu,245,180,47,244,322,266,242,1546,https://sofifa.com/player/244658/kazuki-anzai/19/159488/,€290K,41,50,€1K,2,150lbs
77,19,58,68,High,64,63,354,65,LWB,58,2020,2018.0,64,58,59,64,Medium,65,47,32,Left,14,14,11,11,7,51,"5'10""",244548,56,1,"Jul 13, 2018",70,,57,48,64,Eyob Zambataro,Italy,64,72,60,58,45,57,"['LB', 'LM', 'LWB']",74,61,€1.1M,41,61,49,3,59,68,78,57,47,Padova,259,180,57,277,338,292,290,1693,https://sofifa.com/player/244548/eyob-zambataro/19/159488/,€600K,61,51,€1K,4,143lbs
78,26,57,82,Medium,78,65,354,66,LWB,55,2020,2018.0,67,49,57,66,Medium,62,49,42,Left,13,7,7,12,14,39,"5'9""",244175,57,1,"Jul 1, 2018",71,,42,36,62,Hassan Amin,Afghanistan,64,78,56,57,41,38,['LB'],65,61,€648K,40,61,39,3,61,78,75,57,46,SV Meppen,246,180,53,243,377,267,267,1633,https://sofifa.com/player/244175/hassan-amin/19/159488/,€425K,50,37,€1K,3,152lbs
78,20,65,77,Medium,78,52,337,58,LWB,42,2019,2018.0,59,51,51,59,Medium,59,40,41,Left,13,5,8,8,15,40,"5'9""",244013,52,1,"Jul 1, 2018",67,,48,46,50,Niclas Fiedler,Germany,57,75,51,57,43,47,"['LB', 'LM']",68,49,€297K,44,54,50,2,52,72,65,54,48,Hallescher FC,230,156,49,250,354,276,250,1565,https://sofifa.com/player/244013/niclas-fiedler/19/159488/,€180K,43,36,€1K,3,150lbs
79,25,64,77,Medium,72,64,357,65,LWB,65,2019,2018.0,65,52,57,66,Medium,65,42,27,Left,9,7,8,15,13,42,"5'9""",243909,56,1,"Jul 1, 2018",77,,64,35,58,Aboud Omar,Kenya,63,77,60,63,32,61,"['LB', 'LM']",66,57,€572K,34,62,45,3,62,75,67,60,60,KSV Cercle Brugge,225,180,52,269,360,284,287,1657,https://sofifa.com/player/243909/aboud-omar/19/159338/,€375K,56,29,€3K,3,154lbs
65,23,62,66,Medium,60,59,355,62,LWB,46,2019,2017.0,61,37,57,58,Medium,55,41,56,Left,8,5,12,13,13,53,"6'0""",243797,57,1,"Jul 1, 2017",67,,51,58,54,Christian Köppel,Germany,61,66,53,66,42,44,"['LB', 'LM']",65,61,€412K,55,54,61,2,56,67,74,61,63,TSV 1860 München,265,171,51,256,319,323,243,1628,https://sofifa.com/player/243797/christian-koppel/19/159488/,€270K,51,41,€1K,3,174lbs
65,26,65,66,High,49,56,363,64,LWB,52,2020,2016.0,67,67,56,59,Low,61,58,47,Left,10,10,15,9,15,44,"6'1""",243739,55,1,"Aug 31, 2016",53,,50,52,53,Lasse Schlüter,Germany,63,72,57,68,58,47,"['LB', 'LM']",64,58,€534K,51,54,60,2,59,77,84,63,63,FC Energie Cottbus,265,175,59,278,315,312,292,1696,https://sofifa.com/player/243739/lasse-schluter/19/159488/,€350K,53,53,€1K,3,172lbs
66,28,57,70,Medium,76,70,357,65,LWB,53,2020,2016.0,68,66,60,66,Medium,61,63,43,Left,12,13,6,9,6,51,"5'7""",242351,64,1,"Jul 1, 2016",70,,54,41,59,Theerathon Bunmathan,Thailand,64,69,59,59,61,57,"['LB', 'LM']",64,66,€438K,44,62,45,3,53,71,65,62,56,Yokohama F. Marinos,257,174,46,284,349,277,314,1701,https://sofifa.com/player/242351/theerathon-bunmathan/19/159488/,€350K,45,33,€2K,3,137lbs
77,24,68,69,High,62,74,408,71,LWB,55,2019,2018.0,76,79,63,71,Medium,71,75,46,Left,9,12,14,14,12,63,"6'0""",242269,63,1,"Jan 24, 2018",71,,72,70,63,Felipe Castaldo Curcio,Brazil,69,77,71,69,69,50,['LB'],72,61,€1.8M,57,72,68,3,64,77,73,64,67,Brescia,311,191,61,311,346,349,371,1940,https://sofifa.com/player/242269/felipe-castaldo-curcio/19/159488/,€1.1M,61,54,€2K,3,165lbs
76,20,54,65,Medium,69,62,361,63,LWB,47,2022,2019.0,58,44,56,62,Medium,61,35,39,Left,9,14,5,6,10,41,"5'10""",242263,56,1,"Jan 15, 2019",65,,52,51,59,Malte Amundsen,Denmark,62,76,53,67,38,54,['LB'],74,57,€689K,47,58,60,3,57,76,73,59,70,Vejle Boldklub,240,175,44,247,343,319,254,1622,https://sofifa.com/player/242263/malte-amundsen/19/159488/,€475K,45,44,€1K,2,170lbs
74,21,42,63,Medium,70,61,328,63,LWB,55,2021,2018.0,63,41,60,62,Medium,62,29,22,Left,9,14,7,8,11,45,"5'5""",242023,58,1,"Jan 6, 2018",58,,58,28,67,Siphosakhe Ntiya-Ntiya,South Africa,62,73,51,53,42,45,['LB'],70,59,€900K,29,52,38,2,57,72,64,61,52,Kaizer Chiefs,213,185,49,226,338,240,251,1502,https://sofifa.com/player/242023/siphosakhe-ntiya-ntiya/19/159488/,€375K,39,31,€1K,3,137lbs
75,24,49,66,Medium,79,58,346,65,LWB,48,2021,2014.0,54,44,60,62,Medium,62,31,33,Left,10,15,8,8,12,38,"5'8""",241913,64,1,"Jan 1, 2014",61,,53,49,61,Aleksander Foosnæs,Norway,64,75,53,54,35,46,['LB'],67,58,€629K,42,56,59,2,63,75,78,64,44,Ranheim Fotball,213,188,53,248,353,291,248,1594,https://sofifa.com/player/241913/aleksander-foosnaes/19/159488/,€475K,54,32,€1K,2,152lbs
67,19,57,50,Medium,61,63,347,62,LWB,48,2021,2017.0,63,35,59,58,Medium,56,24,46,Left,7,15,11,12,6,60,"6'0""",241884,52,1,"Jan 1, 2017",68,,50,42,62,Daiki Sugioka,Japan,61,68,49,67,37,42,"['LB', 'LM', 'LWB']",72,62,€544K,46,54,55,2,56,68,67,60,71,Shonan Bellmare,256,178,51,225,308,303,228,1549,https://sofifa.com/player/241884/daiki-sugioka/19/159488/,€375K,37,33,€1K,3,165lbs
70,24,57,57,High,68,64,357,65,LWB,51,2020,2018.0,64,43,61,62,Medium,62,38,34,Left,13,6,8,13,12,49,"6'2""",241765,57,1,"Jan 16, 2018",54,,47,45,64,Chima Akas,Nigeria,64,69,51,74,38,44,['LB'],68,58,€663K,40,57,49,2,60,68,76,65,82,Kalmar FF,238,189,52,232,321,306,254,1592,https://sofifa.com/player/241765/chima-akas/19/159488/,€500K,36,34,€1K,2,198lbs
71,22,54,65,Medium,74,57,331,65,LWB,57,2020,2017.0,63,43,60,61,Medium,62,33,28,Left,12,7,12,10,10,46,"5'7""",241606,64,1,"Jan 1, 2017",63,,33,26,58,Leonel Ferroni,Argentina,64,72,51,55,44,59,['LB'],72,63,€978K,32,58,34,2,62,72,70,64,48,Newell's Old Boys,231,184,51,266,345,241,228,1546,https://sofifa.com/player/241606/leonel-ferroni/19/159488/,€575K,45,36,€3K,3,150lbs
60,20,68,58,Medium,67,60,326,61,LWB,54,2021,2017.0,61,34,58,64,Medium,68,34,27,Left,9,14,8,10,6,49,"5'10""",241566,56,1,"Oct 29, 2017",59,,55,27,60,Nahuel Gallardo,Argentina,60,59,52,60,47,44,['LB'],72,58,€520K,33,58,45,2,60,59,61,61,57,River Plate,227,181,47,256,302,249,251,1513,https://sofifa.com/player/241566/nahuel-gallardo/19/159488/,€325K,41,32,€2K,3,159lbs
86,23,62,77,High,74,70,379,69,LWB,53,2021,2017.0,66,52,62,71,Medium,71,32,29,Left,8,6,10,7,10,53,"6'0""",241135,60,1,"Sep 6, 2017",69,,47,31,62,Jamilu Collins,Nigeria,68,84,56,72,35,51,"['LB', 'LM']",73,64,€1.7M,34,65,42,3,59,83,77,66,73,SC Paderborn 07,248,187,41,254,384,292,272,1678,https://sofifa.com/player/241135/jamilu-collins/19/159488/,€1M,46,35,€4K,3,161lbs
69,19,50,66,High,57,58,316,59,LWB,61,2021,2017.0,59,35,52,56,Medium,52,42,41,Left,5,12,9,12,12,47,"5'11""",241157,50,1,"Sep 8, 2017",64,,53,38,52,Théo Sainte-Luce,France,58,69,52,48,46,52,['LB'],68,63,€374K,39,56,34,2,55,69,57,54,41,Nîmes Olympique,232,161,50,244,324,234,240,1485,https://sofifa.com/player/241157/theo-sainte-luce/19/159488/,€170K,46,29,€1K,2,159lbs
63,17,53,54,High,65,59,317,62,LWB,43,2021,2018.0,62,35,61,49,Medium,40,32,30,Right,7,14,8,8,9,63,"5'11""",240904,58,1,"Jul 1, 2018",70,,41,31,62,Javier María Vázquez López,Spain,61,64,52,57,48,35,"['LB', 'LWB']",74,58,€1M,34,62,42,2,60,64,60,62,55,Sevilla FC,249,184,46,234,304,258,207,1482,https://sofifa.com/player/240904/javier-maria-vazquez-lopez/19/159488/,€375K,40,32,€1K,3,159lbs
68,19,54,64,Medium,77,34,291,54,LWB,34,2019,2017.0,57,46,52,49,Medium,51,30,29,Left,14,14,12,9,11,42,"5'11""",240773,47,1,"Mar 31, 2017",57,,38,24,53,Rhys Norrington-Davies,Wales,53,64,41,56,39,44,"['LB', 'LWB']",69,51,€278K,29,40,26,2,57,60,60,56,54,Sheffield United,198,166,60,215,320,221,199,1379,https://sofifa.com/player/240773/rhys-norrington-davies/19/159226/,€110K,31,30,€1K,2,150lbs
62,29,51,65,Medium,79,58,331,60,LWB,43,2021,2013.0,57,46,57,60,Medium,58,38,32,Left,8,8,9,8,11,41,"5'8""",240426,58,1,"Jul 1, 2013",62,,57,30,60,Bader Badi Al Nakhli,Saudi Arabia,58,68,55,55,44,51,"['CDM', 'CM']",58,59,€165K,36,62,46,2,55,72,50,59,58,Ohod Club,228,174,44,251,337,246,257,1537,https://sofifa.com/player/240426/bader-badi-al-nakhli/19/159159/,€100K,47,36,€3K,3,148lbs
75,22,58,60,Medium,51,55,338,59,LWB,39,2021,2018.0,56,53,53,56,Medium,57,62,44,Left,8,12,9,7,5,38,"5'10""",240328,55,1,"Jun 3, 2018",55,,51,50,54,Ahmed Ba Masoud,Saudi Arabia,58,74,52,57,38,54,"['LB', 'LM', 'LWB']",67,57,€315K,46,54,48,2,54,73,59,56,56,Al Fayha,231,164,41,247,316,268,278,1545,https://sofifa.com/player/240328/ahmed-ba-masoud/19/159488/,€170K,42,39,€2K,3,154lbs
74,23,59,74,High,77,63,351,68,LWB,59,2020,2017.0,64,46,64,64,Medium,61,31,31,Left,10,15,10,5,11,54,"5'11""",240100,68,1,"Jul 24, 2017",66,,51,35,65,Tommaso Augello,Italy,67,76,55,58,38,58,['LB'],71,64,€1.3M,34,61,32,2,63,77,73,64,49,Spezia,246,192,51,272,366,255,252,1634,https://sofifa.com/player/240100/tommaso-augello/19/159488/,€825K,49,36,€1K,2,154lbs
76,19,57,83,Medium,70,66,342,64,LWB,52,2020,2017.0,66,59,56,67,Medium,65,32,28,Left,14,5,11,13,11,40,"5'9""",239806,56,1,"Jul 1, 2017",72,,63,35,56,Amine Khammas,Morocco,62,77,60,49,27,58,['LB'],75,57,€1.1M,33,61,38,3,60,78,58,61,38,KRC Genk,225,177,54,253,364,241,285,1599,https://sofifa.com/player/239806/amine-khammas/19/159192/,€500K,55,30,€1K,3,137lbs
78,21,55,70,Medium,80,60,317,60,LWB,48,2021,2017.0,52,30,54,59,Medium,54,31,28,Left,11,11,8,10,8,37,"5'9""",239681,56,1,"Jul 27, 2017",73,,42,25,55,Omar Bertel,Colombia,59,74,45,56,34,53,['LB'],67,57,€320K,29,48,27,2,53,71,72,57,47,Millonarios FC,192,165,48,240,356,244,217,1462,https://sofifa.com/player/239681/omar-bertel/19/159488/,€200K,42,27,€1K,2,141lbs
63,24,63,68,High,87,53,334,61,LWB,64,2019,2017.0,51,38,51,58,High,56,32,32,Left,11,12,12,5,12,26,"5'6""",239587,54,1,"Jul 4, 2017",32,,46,41,55,Silvano Schäppi,Switzerland,59,65,48,70,28,57,['LB'],66,65,€297K,42,56,67,2,58,67,82,52,71,FC Lugano,195,165,52,239,350,293,225,1519,https://sofifa.com/player/239587/silvano-schappi/19/159159/,€180K,37,30,€1K,2,152lbs
81,23,70,85,Medium,86,63,375,69,LWB,52,2021,2017.0,62,30,63,68,Medium,67,31,41,Left,9,12,13,9,8,44,"5'9""",239577,63,1,"Jul 1, 2017",60,,55,45,63,Yacouba Coulibaly,Burkina Faso,68,80,52,70,40,46,['LB'],74,58,€2M,42,61,43,3,65,80,90,68,60,Le Havre AC,239,196,51,256,390,298,246,1676,https://sofifa.com/player/239577/yacouba-coulibaly/19/159488/,€1M,37,31,€3K,3,150lbs
71,21,61,63,Low,71,37,313,55,LWB,34,2021,2019.0,52,29,50,52,Medium,57,34,34,Left,9,11,6,14,14,38,"5'8""",239387,48,1,"Mar 13, 2019",61,,44,42,51,Juan Cáceres,Chile,54,68,44,60,41,59,['LWB'],63,54,€140K,39,51,43,2,49,66,67,53,56,Curicó Unido,212,153,54,238,325,269,201,1452,https://sofifa.com/player/239387/juan-caceres/19/159415/,€90K,29,37,€1K,2,152lbs
79,23,66,55,High,55,67,379,68,LWB,57,2021,2018.0,72,74,63,61,Medium,58,79,37,Left,14,10,12,8,11,51,"6'1""",238941,63,1,"Aug 3, 2018",58,,61,58,62,Jure Balkovec,Slovenia,67,73,63,69,43,59,['LB'],73,63,€1.6M,50,62,72,2,64,68,70,68,70,Hellas Verona,266,194,55,279,320,328,339,1781,https://sofifa.com/player/238941/jure-balkovec/19/159488/,€875K,48,44,€2K,3,163lbs
73,21,53,68,High,66,58,328,60,LWB,55,2019,2016.0,60,34,54,61,Medium,62,28,28,Left,5,7,14,12,9,48,"6'0""",238683,53,1,"Jul 1, 2016",72,,48,26,54,Arne Sicker,Germany,59,72,52,59,28,38,"['LB', 'LM']",68,50,€378K,30,55,40,2,55,71,67,56,56,Holstein Kiel,217,165,47,224,328,261,230,1472,https://sofifa.com/player/238683/arne-sicker/19/159488/,€210K,52,26,€1K,3,148lbs
87,25,53,85,High,87,66,376,70,LWB,61,2022,2016.0,63,67,62,66,Medium,61,38,25,Left,9,11,6,14,10,39,"5'8""",238666,64,1,"Jan 13, 2016",73,,41,57,65,Alexander Nandzik,Germany,68,85,58,63,34,57,['LB'],71,65,€1.5M,42,64,70,2,64,84,83,64,56, SSV Jahn Regensburg,215,193,50,264,408,339,273,1742,https://sofifa.com/player/238666/alexander-nandzik/19/159488/,€925K,56,24,€4K,2,154lbs
70,24,77,67,Medium,72,61,329,61,LWB,53,2019,2017.0,60,32,55,61,Medium,60,32,22,Left,11,9,8,8,8,44,"5'9""",237632,53,1,"Jan 28, 2017",60,,45,21,58,Gregor Sikošek,Slovenia,60,73,52,63,36,58,['LB'],66,55,€360K,25,58,26,2,56,75,64,56,58,Brøndby IF,206,170,44,273,339,229,230,1491,https://sofifa.com/player/237632/gregor-sikosek/19/159192/,€240K,49,22,€3K,4,161lbs
74,23,54,64,Medium,79,61,356,65,LWB,54,2021,2017.0,73,62,59,61,High,60,54,41,Left,7,14,6,7,11,36,"5'8""",237582,62,1,"Jan 1, 2017",72,,58,24,57,Katsuya Nagato,Japan,63,72,62,62,36,60,['LM'],69,46,€725K,40,61,56,3,61,70,76,65,57,Vegalta Sendai,233,183,45,272,333,285,295,1646,https://sofifa.com/player/237582/katsuya-nagato/19/159488/,€500K,60,22,€1K,3,157lbs
84,25,52,73,Medium,74,65,390,69,LWB,54,2020,2017.0,64,62,59,65,High,62,59,44,Left,8,11,10,11,7,44,"5'9""",237537,62,1,"Feb 1, 2017",55,,51,64,51,Volodymyr Kostevych,Ukraine,67,82,62,68,53,58,['LB'],68,65,€1M,54,64,72,2,66,80,83,68,69,Lech Poznań,247,185,47,288,376,343,299,1785,https://sofifa.com/player/237537/volodymyr-kostevych/19/159488/,€725K,63,31,€3K,3,146lbs
76,23,62,71,Medium,79,59,341,60,LWB,49,2021,2016.0,65,58,53,61,Medium,60,34,29,Left,13,10,6,12,5,45,"5'7""",237436,48,1,"Apr 1, 2016",62,,42,29,46,Ryo Takano,Japan,59,73,51,65,32,56,"['LB', 'LWB']",65,53,€261K,38,55,65,2,57,70,62,64,68,Yokohama F. Marinos,224,167,46,238,349,286,253,1563,https://sofifa.com/player/237436/ryo-takano/19/159488/,€180K,40,30,€1K,2,150lbs
64,19,53,73,Medium,84,50,293,53,LWB,52,2021,2016.0,45,36,48,54,Medium,51,30,26,Left,8,7,12,13,12,37,"5'6""",236705,51,1,"Nov 6, 2016",92,,41,27,42,Edvin Dahlqvist,Sweden,53,62,42,59,31,43,['LWB'],67,48,€206K,28,48,31,2,51,60,64,53,56,IFK Göteborg,184,146,52,214,329,270,208,1403,https://sofifa.com/player/236705/edvin-dahlqvist/19/159488/,€110K,36,28,€1K,3,154lbs
67,28,58,68,High,66,55,339,63,LWB,57,2020,2018.0,57,54,59,56,Medium,52,42,32,Right,9,6,6,6,11,48,"5'10""",236047,57,1,"Jan 1, 2018",65,,52,34,58,Albin Granlund,Finland,63,68,55,68,38,37,"['CB', 'LWB']",63,61,€363K,33,55,35,2,64,69,81,62,65,Örebro SK,220,184,38,247,331,280,255,1555,https://sofifa.com/player/236047/albin-granlund/19/159488/,€290K,57,28,€1K,4,174lbs
63,20,56,65,Medium,68,53,335,58,LWB,52,2019,2018.0,53,52,54,56,Medium,54,51,51,Left,9,5,7,10,5,51,"5'9""",236012,56,1,"Dec 1, 2018",67,,52,52,55,Conor Levingston,Republic of Ireland,56,63,53,58,51,53,['CDM'],66,54,€228K,51,55,51,2,52,63,66,53,53,Bohemian FC,253,160,36,268,313,289,262,1581,https://sofifa.com/player/236012/conor-levingston/19/159488/,€130K,52,43,€1K,3,163lbs
78,34,58,77,Medium,81,73,403,72,LWB,68,2021,2018.0,74,75,68,74,Medium,73,75,55,Left,10,14,13,15,18,54,"5'10""",236071,65,1,"Jan 1, 2018",66,,68,59,79,João Rodolfo Bardinho Barros,Brazil,71,75,71,57,63,56,"['LB', 'RB']",71,76,€1.3M,58,72,63,3,67,72,68,64,51,Botafogo,320,210,70,306,384,307,364,1961,https://sofifa.com/player/236071/joao-rodolfo-bardinho-barros/19/159488/,€675K,64,65,€13K,4,157lbs
67,21,48,65,High,70,51,302,55,LWB,37,2020,2017.0,46,35,51,56,Medium,56,32,27,Left,7,15,12,12,8,36,"6'1""",235804,54,1,"Jul 15, 2017",64,,44,23,56,Benjamin Lund,Denmark,54,66,41,60,33,50,['LB'],66,55,€160K,28,42,29,2,48,66,68,49,60,Vendsyssel FF,172,153,54,221,323,244,218,1385,https://sofifa.com/player/235804/benjamin-lund/19/159331/,€110K,36,21,€1K,3,165lbs
71,23,44,68,Medium,71,57,340,61,LWB,42,2020,2015.0,63,60,56,59,Medium,57,61,25,Left,13,6,12,10,7,44,"5'6""",235551,55,1,"Dec 26, 2015",71,,57,58,56,Ibrahim Fahad Al Shuayl,Saudi Arabia,60,70,57,55,54,55,['LB'],67,52,€444K,43,61,66,2,58,70,56,61,58,Al Qadisiyah,216,175,48,251,332,309,292,1623,https://sofifa.com/player/235551/ibrahim-fahad-al-shuayl/19/159488/,€240K,43,23,€2K,3,161lbs
72,21,60,77,Medium,79,56,338,59,LWB,59,2021,2018.0,58,56,53,60,Medium,58,47,38,Left,6,10,13,8,7,40,"5'5""",235166,54,1,"Jan 1, 2018",73,,50,36,56,Mohanad Jeahze,Sweden,58,72,53,61,35,48,['LB'],64,45,€218K,39,52,45,2,56,72,67,54,58,IF Brommapojkarna,220,166,44,250,345,279,267,1571,https://sofifa.com/player/235166/mohanad-jeahze/19/159488/,€150K,53,32,€1K,2,143lbs
76,23,55,69,High,74,66,330,64,LWB,48,2023,2018.0,64,29,55,65,Medium,63,30,33,Left,13,11,8,7,10,45,"5'9""",235080,58,1,"Jul 12, 2018",63,,43,23,52,Antonio Porcino,Italy,62,74,53,52,41,58,"['LB', 'LM']",67,60,€650K,31,60,27,2,60,73,69,58,42,Livorno,227,170,49,260,352,224,231,1513,https://sofifa.com/player/235080/antonio-porcino/19/159488/,€400K,48,25,€1K,2,157lbs
73,21,53,73,Medium,79,61,351,64,LWB,55,2019,2016.0,63,48,61,64,Medium,64,37,32,Left,7,13,8,9,14,50,"5'11""",235054,56,1,"Jul 3, 2016",75,,51,31,63,Ivan Vujica,Australia,63,74,53,66,33,42,['LB'],69,54,€616K,33,55,33,2,63,74,67,64,69,Newcastle Jets,232,190,51,228,353,275,261,1590,https://sofifa.com/player/235054/ivan-vujica/19/159488/,€425K,44,32,€1K,3,183lbs
64,20,50,62,High,61,47,307,54,LWB,48,2019,2016.0,58,56,50,55,Medium,58,54,47,Left,12,8,14,13,7,43,"5'8""",234848,52,1,"Jun 30, 2016",58,,39,48,48,George Cox,England,53,61,48,47,41,38,"['LB', 'LM']",65,44,€176K,46,49,47,2,52,58,52,51,43,Northampton Town,228,151,54,219,289,248,254,1443,https://sofifa.com/player/234848/george-cox/19/159488/,€90K,38,31,€2K,3,148lbs
78,27,40,72,High,77,66,387,71,LWB,64,2019,2018.0,68,50,66,68,High,68,46,34,Left,10,9,14,9,11,62,"5'11""",234578,65,1,"Jul 1, 2018",70,,62,65,66,Luis Reyes,Mexico,70,76,65,63,48,56,['LB'],70,68,€2.5M,49,67,64,3,67,75,82,67,62,Club América,275,200,53,276,370,343,292,1809,https://sofifa.com/player/234578/luis-reyes/19/159488/,€1.5M,67,44,€27K,3,146lbs
69,22,59,71,Medium,73,63,371,66,LWB,60,2020,2018.0,65,40,57,64,Medium,63,49,45,Left,15,12,8,5,9,48,"5'11""",234388,61,1,"Jul 1, 2018",70,,60,55,52,Marc Wachs,Germany,64,73,61,66,46,59,"['LB', 'LWB']",72,58,€949K,50,65,59,2,61,77,82,60,60,SV Wehen Wiesbaden,263,173,49,285,348,326,275,1719,https://sofifa.com/player/234388/marc-wachs/19/159488/,€575K,60,40,€2K,3,168lbs
70,22,70,73,Medium,77,68,406,70,LWB,71,2020,2017.0,65,67,65,69,Medium,67,53,54,Left,5,15,12,14,11,63,"5'11""",234195,68,1,"Jul 1, 2017",84,,64,64,62,Django Warmerdam,Netherlands,68,71,66,74,48,65,"['LB', 'LM']",74,69,€2.1M,61,69,78,3,66,71,80,66,72,FC Groningen,308,194,57,318,360,378,319,1934,https://sofifa.com/player/234195/django-warmerdam/19/159488/,€1.2M,67,57,€4K,3,161lbs
54,20,58,66,Medium,43,61,324,62,LWB,58,2019,2015.0,60,54,60,61,Medium,62,42,35,Left,11,9,9,7,6,54,"6'3""",234225,58,1,"Aug 15, 2015",48,,42,29,57,Sergi Álamo Bautista,Spain,61,54,51,64,43,52,['LB'],73,62,€920K,34,53,30,2,62,54,68,67,65,Girona FC,235,186,42,256,279,240,261,1499,https://sofifa.com/player/234225/sergi-alamo-bautista/19/159488/,€400K,45,33,€3K,2,176lbs
78,30,64,81,Medium,77,69,403,73,LWB,69,2021,2018.0,71,58,69,69,Medium,66,60,48,Left,14,11,11,11,11,50,"5'9""",233982,73,1,"Jan 1, 2018",69,,51,68,71,Vágner Joshua Corraldo Santoso,Brazil,72,76,63,67,55,63,['LB'],72,71,€4.3M,59,67,75,3,72,74,76,68,64,Atlético Paranaense,300,211,58,314,381,352,304,1920,https://sofifa.com/player/233982/vagner-joshua-corraldo-santoso/19/159488/,€2.2M,59,64,€10K,3,154lbs
63,29,65,71,High,78,61,318,62,LWB,60,2021,2017.0,64,28,59,59,Medium,54,30,28,Left,11,11,8,8,8,47,"5'7""",232892,62,1,"Jan 25, 2017",70,,42,20,58,Yudai Tanaka,Japan,62,63,46,64,30,52,"['LM', 'LWB']",62,58,€288K,27,48,27,2,60,63,72,61,58,Hokkaido Consadole Sapporo,214,179,46,247,333,247,215,1481,https://sofifa.com/player/232892/yudai-tanaka/19/159331/,€230K,38,27,€1K,2,150lbs
74,25,60,68,High,78,63,386,68,LWB,53,2021,2019.0,72,66,62,67,Medium,68,71,35,Left,10,7,12,13,5,43,"5'7""",232577,60,1,"Jan 10, 2019",68,,62,64,63,Ryosuke Yamanaka,Japan,67,75,65,67,48,63,"['CM', 'LB', 'LM']",69,66,€1M,50,68,72,3,65,75,70,66,69,Urawa Red Diamonds,253,194,47,286,361,343,330,1814,https://sofifa.com/player/232577/ryosuke-yamanaka/19/159488/,€750K,55,35,€4K,3,143lbs
74,24,63,68,High,67,64,382,67,LWB,57,2019,2016.0,62,68,63,64,Medium,63,55,48,Left,14,11,10,14,8,55,"6'0""",232388,61,1,"Jan 1, 2016",63,,60,68,63,Vitor Costa de Brito,Brazil,66,73,60,66,49,49,['LWB'],72,64,€1.7M,56,63,69,3,64,73,74,65,63,CD Aves,275,192,57,274,346,337,310,1791,https://sofifa.com/player/232388/vitor-costa-de-brito/19/159488/,€750K,52,47,€3K,3,163lbs
69,31,45,66,Medium,64,60,351,64,LWB,65,2021,2017.0,69,59,55,63,High,64,34,39,Left,15,11,8,7,11,44,"5'11""",232371,62,1,"Mar 21, 2017",70,,61,36,48,Wataru Hashimoto,Japan,62,68,62,64,31,50,"['LB', 'LWB']",62,61,€260K,39,67,44,2,59,67,65,61,71,Vissel Kobe,253,168,52,242,327,286,278,1606,https://sofifa.com/player/232371/wataru-hashimoto/19/159488/,€200K,54,34,€1K,2,159lbs
79,23,40,77,High,78,70,391,71,LWB,65,2022,2019.0,71,66,63,70,Medium,67,65,50,Left,14,14,10,6,8,68,"5'8""",231591,67,1,"Jan 29, 2019",65,,68,53,60,Javier Galán Gil,Spain,70,78,68,60,48,57,"['LB', 'LWB']",75,70,€4.5M,52,75,57,3,64,78,75,62,60,SD Huesca,313,186,52,266,382,310,336,1845,https://sofifa.com/player/231591/javier-galan-gil/19/159488/,€2M,54,49,€10K,3,154lbs
82,19,41,87,High,82,58,329,64,LWB,62,2020,2015.0,65,39,55,60,Medium,54,36,26,Left,5,11,11,13,10,48,"5'6""",231519,63,1,"Nov 8, 2015",75,,32,29,53,Luis Olivera,Argentina,63,78,47,59,39,40,['LB'],78,49,€1.4M,30,52,35,2,62,75,86,52,52,River Plate,225,167,50,219,375,277,219,1532,https://sofifa.com/player/231519/luis-olivera/19/159159/,€700K,36,34,€2K,2,148lbs
75,20,66,72,High,73,54,360,61,LWB,48,2021,2019.0,58,44,52,59,Medium,59,40,39,Left,8,6,10,7,12,51,"5'9""",231101,50,1,"Jan 31, 2019",77,,54,40,57,Marco Weymans,Belgium,61,79,54,72,42,45,"['LB', 'LWB']",73,52,€580K,44,62,62,2,56,82,78,47,71,Östersunds FK,246,160,43,247,354,328,251,1629,https://sofifa.com/player/231101/marco-weymans/19/159488/,€400K,44,36,€1K,3,154lbs
71,26,61,77,High,78,61,388,70,LWB,56,2021,2018.0,72,47,64,67,Medium,67,51,45,Left,18,12,14,17,18,55,"5'10""",230526,66,1,"Jan 1, 2018",56,,70,51,67,Kaio Fabiano Figueiras Guerra,Brazil,68,72,65,69,52,67,"['LB', 'LM']",68,72,€1.4M,51,67,62,2,62,72,81,63,67,Atlético Paranaense,284,192,79,304,370,317,296,1842,https://sofifa.com/player/230526/kaio-fabiano-figueiras-guerra/19/159488/,€750K,58,45,€6K,2,157lbs
79,26,59,76,Medium,75,69,386,71,LWB,67,2021,2018.0,70,43,65,71,Medium,71,57,35,Left,9,9,8,10,11,54,"5'9""",230350,62,1,"Jan 1, 2018",70,,57,48,68,Flávio Raphael Rebeilo Mestres,Brazil,70,81,60,65,55,56,['LB'],70,65,€2.9M,44,63,54,3,67,83,81,66,58,Santos,260,201,47,282,378,311,297,1776,https://sofifa.com/player/230350/flavio-raphael-rebeilo-mestres/19/159488/,€1.5M,50,38,€9K,3,152lbs
74,25,56,77,Medium,85,68,366,68,LWB,63,2019,2016.0,67,61,57,65,Medium,59,25,35,Left,9,7,10,15,5,40,"5'9""",229868,54,1,"Aug 6, 2016",48,,58,49,60,Daniele Mignanelli,Italy,66,81,55,64,29,44,"['LB', 'LM']",71,65,€1.1M,44,61,58,2,63,87,87,61,58,Ascoli,260,184,46,220,388,300,271,1669,https://sofifa.com/player/229868/daniele-mignanelli/19/159338/,€700K,37,57,€1K,3,154lbs
73,28,59,62,High,71,66,376,65,LWB,67,2020,2018.0,62,65,57,66,Medium,66,60,60,Left,11,11,6,9,12,52,"6'1""",229750,44,1,"Jul 6, 2018",75,,59,60,60,Tommaso D'Orazio,Italy,64,74,56,64,60,57,"['LB', 'LM', 'LWB']",64,63,€720K,59,62,60,3,66,74,79,62,58,Cosenza,286,188,49,255,343,332,316,1769,https://sofifa.com/player/229750/tommaso-dorazio/19/159488/,€450K,35,50,€1K,2,165lbs
80,22,54,77,Medium,73,61,364,68,LWB,58,2020,2015.0,65,48,60,64,Medium,63,31,36,Left,7,6,12,10,15,42,"5'6""",229557,63,1,"Jun 24, 2015",49,,59,38,60,Sebastián Macías,Colombia,66,78,59,63,45,46,['LB'],74,58,€1.3M,40,63,51,2,64,77,84,62,58,Independiente Medellín,242,186,50,264,365,280,262,1649,https://sofifa.com/player/229557/sebastian-macias/19/159488/,€800K,56,36,€1K,3,139lbs
66,26,66,62,High,62,65,358,66,LWB,59,2020,2017.0,66,54,62,64,Medium,63,47,29,Left,13,11,8,12,11,54,"5'11""",229138,62,1,"Jul 1, 2017",68,,59,45,61,Fabien Antunes,France,65,68,59,67,46,41,['LB'],67,64,€801K,38,63,47,3,64,69,67,64,68,Sint-Truidense VV,248,189,55,262,323,295,288,1660,https://sofifa.com/player/229138/fabien-antunes/19/159192/,€525K,47,36,€3K,3,170lbs
69,28,62,61,Medium,70,59,359,63,LWB,65,2019,2014.0,62,37,58,62,Medium,63,30,49,Left,15,8,6,14,15,57,"5'10""",228970,57,1,"Jan 28, 2014",70,,56,49,56,Francisco José Sánchez Rodriguez,Spain,61,71,55,64,37,54,"['LM', 'RM']",61,55,€363K,49,61,56,2,62,73,64,60,64,SV Mattersburg,261,178,58,258,328,303,245,1631,https://sofifa.com/player/228970/francisco-jose-sanchez-rodriguez/19/159488/,€250K,48,32,€4K,3,154lbs
63,21,43,63,Medium,68,48,301,57,LWB,49,2023,2018.0,54,43,52,54,Medium,54,27,24,Left,8,8,8,10,15,39,"5'7""",228606,54,1,"Feb 16, 2018",53,,42,25,54,Dylan Barnett,Republic of Ireland,56,67,46,56,26,32,['LB'],65,50,€210K,26,51,33,2,52,70,66,54,56,Waterford FC,187,160,49,192,314,233,214,1349,https://sofifa.com/player/228606/dylan-barnett/19/159366/,€120K,37,19,€1K,2,152lbs
